{
  "name": "tri15",
  "time": [
    6515746,
    10238422,
    159910652,
    1143109896
  ],
  "ndof": [
    538,
    3070,
    46734,
    293230
  ],
  "error": [
    0.00001799349271897066,
    1.6900678212472542e-7,
    3.97472554869438e-10,
    4.156619493045355e-12
  ]
}