{
  "name": "hex20",
  "time": [
    4275973,
    2817828,
    4271661,
    14803725,
    22286637,
    57855278,
    218363602,
    594900858
  ],
  "ndof": [
    96,
    267,
    861,
    3057,
    4659,
    11481,
    44457,
    107259
  ],
  "error": [
    0.0026043345474267565,
    0.0002567031649645668,
    0.000018332935086629032,
    1.1407678079944361e-6,
    4.6297596950628517e-7,
    6.925615275710229e-8,
    4.232716066532305e-9,
    7.035202975735899e-10
  ]
}