{
  "name": "hex8",
  "time": [
    4895878,
    3388633,
    28171322,
    271460541
  ],
  "ndof": [
    270,
    1326,
    12546,
    131406
  ],
  "error": [
    0.006289046161681855,
    0.0009413767139712648,
    0.00008992898070675492,
    8.59817113402217e-6
  ]
}