{
  "name": "hex8",
  "time": [
    5587317,
    4337520,
    37730937,
    413854699
  ],
  "ndof": [
    270,
    1326,
    12546,
    131406
  ],
  "error": [
    0.006289046161683132,
    0.0009413767139758722,
    0.00008992898070792066,
    8.598171154672318e-6
  ]
}