{
  "name": "qua8",
  "time": [
    2226485,
    802107,
    1537330,
    3895951,
    3954744,
    12314138,
    59350816,
    126419114
  ],
  "ndof": [
    26,
    74,
    242,
    866,
    1322,
    3266,
    12674,
    30602
  ],
  "error": [
    0.002604334547421261,
    0.00025670316496989587,
    0.000018332935096954106,
    1.1407678113806163e-6,
    4.629759629559693e-7,
    6.925615597674906e-8,
    4.2325508098350895e-9,
    7.035099724994609e-10
  ]
}