{
  "name": "qua12",
  "time": [
    3860624,
    1655294,
    2221137,
    4830676,
    6291817,
    16246962,
    58286611,
    142368543
  ],
  "ndof": [
    40,
    118,
    394,
    1426,
    2182,
    5410,
    21058,
    50902
  ],
  "error": [
    0.0016199308408806345,
    0.00016805971338468284,
    0.000013392580264670606,
    9.452881143956482e-7,
    3.964220570140675e-7,
    6.26120122970697e-8,
    4.0233765208341765e-9,
    6.812889696838909e-10
  ]
}