{
  "name": "tri15",
  "time": [
    7326692,
    9883513,
    131062500,
    902680792
  ],
  "ndof": [
    538,
    3070,
    46734,
    293230
  ],
  "error": [
    0.00001799349269004935,
    1.690068100468345e-7,
    3.970811457421064e-10,
    3.409994508984937e-12
  ]
}