{
  "name": "tri15",
  "time": [
    6118926,
    15962803,
    241078851,
    1810043393
  ],
  "ndof": [
    538,
    3070,
    46734,
    293230
  ],
  "error": [
    0.00001799349269732131,
    1.6900683047493814e-7,
    3.971907247546369e-10,
    3.4620084576886256e-12
  ]
}