{
  "name": "qua9",
  "time": [
    2973681,
    1297837,
    1817646,
    3161916,
    3891068,
    13902548,
    43612468,
    100801460
  ],
  "ndof": [
    30,
    90,
    306,
    1122,
    1722,
    4290,
    16770,
    40602
  ],
  "error": [
    0.004120470129899967,
    0.0004150261403748079,
    0.00003116034770184184,
    2.058653675862665e-6,
    8.491726816717282e-7,
    1.3057508219116443e-7,
    8.191375022725822e-9,
    1.3752359806495917e-9
  ]
}