{
  "name": "tri3",
  "time": [
    4715569,
    8331791,
    44948491,
    255360811
  ],
  "ndof": [
    220,
    3024,
    18586,
    105936
  ],
  "error": [
    0.007036555426597868,
    0.0005616091555600833,
    0.00007659141187921215,
    5.1792702148723e-6
  ]
}