{
  "name": "tet10",
  "time": [
    7797576,
    237991953,
    1880216028
  ],
  "ndof": [
    666,
    26802,
    152406
  ],
  "error": [
    0.002139173490483093,
    0.000032664474440891045,
    4.125974722046788e-6
  ]
}