{
  "name": "tet10",
  "time": [
    7210955,
    387995000,
    0
  ],
  "ndof": [
    666,
    26802,
    0
  ],
  "error": [
    0.002139173490488533,
    0.00003266447440258835,
    0.0
  ]
}