{
  "name": "qua17",
  "time": [
    3949216,
    2417639,
    3195755,
    6658362,
    11920474,
    29654412,
    149583099,
    390693978
  ],
  "ndof": [
    58,
    178,
    610,
    2242,
    3442,
    8578,
    33538,
    81202
  ],
  "error": [
    0.0002656321743915724,
    0.000013149886671559585,
    5.609162814224078e-7,
    2.1173459430201547e-8,
    7.233676324602811e-9,
    7.368471943713928e-10,
    2.390171394139884e-11,
    3.0877522760874854e-12
  ]
}