{
  "name": "tri10",
  "time": [
    6112698,
    5170020,
    99604825,
    676811245
  ],
  "ndof": [
    314,
    1754,
    26390,
    165200
  ],
  "error": [
    0.000030520541356049424,
    5.166483462160087e-7,
    3.082644139951185e-10,
    1.4425027838882443e-10
  ]
}