{
  "name": "qua4",
  "time": [
    4836603,
    2086037,
    17027003,
    181948760
  ],
  "ndof": [
    90,
    442,
    4182,
    43802
  ],
  "error": [
    0.006289046161684908,
    0.0009413767139843654,
    0.0000899289807405057,
    8.598171114204689e-6
  ]
}