{
  "name": "tet10",
  "time": [
    8013245,
    193896019,
    1677509408
  ],
  "ndof": [
    666,
    26802,
    152406
  ],
  "error": [
    0.002139173490485813,
    0.00003266447440936071,
    4.125974749191741e-6
  ]
}