{
  "name": "qua4",
  "time": [
    4414612,
    2907942,
    14728452,
    182302706
  ],
  "ndof": [
    90,
    442,
    4182,
    43802
  ],
  "error": [
    0.0062890461616848525,
    0.000941376713982256,
    0.00008992898073145739,
    8.598171074292171e-6
  ]
}