{
  "name": "qua12",
  "time": [
    1644181,
    718738,
    2535699,
    9322634,
    12533812,
    26905805,
    110751900,
    292140471
  ],
  "ndof": [
    40,
    118,
    394,
    1426,
    2182,
    5410,
    21058,
    50902
  ],
  "error": [
    0.0016199308408862412,
    0.00016805971338057502,
    0.000013392580293591916,
    9.452881321037054e-7,
    3.964220538499319e-7,
    6.261195290013788e-8,
    4.023161304100853e-9,
    6.815143449578898e-10
  ]
}