{
  "name": "qua9",
  "time": [
    4987841,
    1433918,
    2020248,
    2544228,
    7616017,
    11095675,
    76655757,
    194225280
  ],
  "ndof": [
    30,
    90,
    306,
    1122,
    1722,
    4290,
    16770,
    40602
  ],
  "error": [
    0.004120470129899856,
    0.0004150261403811917,
    0.000031160347707615,
    2.0586536987332593e-6,
    8.491726629089591e-7,
    1.3057504533176e-7,
    8.191396061452139e-9,
    1.375262681513334e-9
  ]
}