{
  "name": "tet4",
  "time": [
    13613022,
    410717391,
    1768570023
  ],
  "ndof": [
    1695,
    49479,
    153960
  ],
  "error": [
    0.002797593752877914,
    0.00022906635246677798,
    0.00008121536913929805
  ]
}