{
  "name": "hex20",
  "time": [
    3905191,
    2591706,
    5444497,
    12778631,
    21975532,
    49491969,
    187374099,
    471715285
  ],
  "ndof": [
    96,
    267,
    861,
    3057,
    4659,
    11481,
    44457,
    107259
  ],
  "error": [
    0.0026043345474311974,
    0.00025670316496873014,
    0.000018332935096787573,
    1.1407678026098544e-6,
    4.6297594880062576e-7,
    6.925616841124693e-8,
    4.232675043791545e-9,
    7.034521298798779e-10
  ]
}