{
  "name": "qua9",
  "time": [
    1705030,
    757817,
    1847911,
    4887085,
    5310183,
    16481797,
    69782081,
    161006924
  ],
  "ndof": [
    30,
    90,
    306,
    1122,
    1722,
    4290,
    16770,
    40602
  ],
  "error": [
    0.004120470129899134,
    0.0004150261403813027,
    0.00003116034770817011,
    2.0586537002875716e-6,
    8.491726814496836e-7,
    1.305750452207377e-7,
    8.191350764352734e-9,
    1.3752137761890992e-9
  ]
}