{
  "name": "tri6",
  "time": [
    5765046,
    2915492,
    57114989,
    344604312
  ],
  "ndof": [
    150,
    804,
    11820,
    73652
  ],
  "error": [
    0.002371716689893222,
    0.0000825223309912082,
    5.28080898176686e-7,
    4.584458695999771e-8
  ]
}