{
  "name": "qua17",
  "time": [
    1779764,
    1303427,
    4497369,
    15540664,
    16965662,
    47901559,
    225244931,
    589520281
  ],
  "ndof": [
    58,
    178,
    610,
    2242,
    3442,
    8578,
    33538,
    81202
  ],
  "error": [
    0.0002656321743925161,
    0.00001314988668577044,
    5.609163499231684e-7,
    2.1173567676946448e-8,
    7.233815157992041e-9,
    7.368150534148299e-10,
    2.4118596009259363e-11,
    1.592392884219862e-12
  ]
}