{
  "name": "qua4",
  "time": [
    4709060,
    1541025,
    11342126,
    77957997
  ],
  "ndof": [
    90,
    442,
    4182,
    43802
  ],
  "error": [
    0.006289046161683742,
    0.0009413767139770934,
    0.00008992898070742106,
    8.59817112530692e-6
  ]
}