{
  "name": "tri3",
  "time": [
    4233501,
    11653403,
    64570296,
    424666223
  ],
  "ndof": [
    220,
    3024,
    18586,
    105936
  ],
  "error": [
    0.0070365554265992,
    0.0005616091555441516,
    0.00007659141184668261,
    5.179270189226148e-6
  ]
}