{
  "name": "qua8",
  "time": [
    2818153,
    1555854,
    1943860,
    2471950,
    4045327,
    12285218,
    37843579,
    91677946
  ],
  "ndof": [
    26,
    74,
    242,
    866,
    1322,
    3266,
    12674,
    30602
  ],
  "error": [
    0.00260433454742115,
    0.00025670316497089507,
    0.00001833293510150602,
    1.1407678183750214e-6,
    4.6297592570798685e-7,
    6.925613177388712e-8,
    4.23256346637757e-9,
    7.03477109897932e-10
  ]
}