{
  "name": "qua16",
  "time": [
    4231776,
    1683167,
    2693646,
    5524317,
    9529219,
    23662604,
    125041609,
    333037042
  ],
  "ndof": [
    56,
    182,
    650,
    2450,
    3782,
    9506,
    37442,
    90902
  ],
  "error": [
    0.0001536731937488156,
    3.882117042941502e-6,
    4.326145264244019e-8,
    9.568394465642172e-9,
    4.30013896712822e-9,
    7.21293857974814e-10,
    4.7117476587033025e-11,
    8.068101742253475e-12
  ]
}