{
  "name": "qua17",
  "time": [
    3569164,
    1486627,
    3543130,
    9810355,
    9959042,
    27649995,
    107413616,
    262734142
  ],
  "ndof": [
    58,
    178,
    610,
    2242,
    3442,
    8578,
    33538,
    81202
  ],
  "error": [
    0.0002656321744060053,
    0.000013149886701924185,
    5.609162949671287e-7,
    2.117359532149976e-8,
    7.2337039691561245e-9,
    7.368305410260234e-10,
    2.4154345190652293e-11,
    2.1894708268632712e-12
  ]
}