{
  "name": "tet4",
  "time": [
    12201115,
    470688813,
    1960349988
  ],
  "ndof": [
    1695,
    49479,
    153960
  ],
  "error": [
    0.002797593752878358,
    0.00022906635244274165,
    0.0000812153691210904
  ]
}