{
  "name": "tri10",
  "time": [
    4950533,
    4648337,
    78993189,
    532559323
  ],
  "ndof": [
    314,
    1754,
    26390,
    165200
  ],
  "error": [
    0.00003052054134056181,
    5.166483132978961e-7,
    3.081230270929325e-10,
    1.4452883334570288e-10
  ]
}