{
  "name": "qua12",
  "time": [
    4558967,
    1664835,
    2260308,
    4250545,
    7093354,
    12865884,
    94919757,
    229771471
  ],
  "ndof": [
    40,
    118,
    394,
    1426,
    2182,
    5410,
    21058,
    50902
  ],
  "error": [
    0.0016199308408827995,
    0.00016805971337874315,
    0.000013392580314297575,
    9.452881165605831e-7,
    3.9642200722056486e-7,
    6.261202939450428e-8,
    4.02306288282972e-9,
    6.813163366814479e-10
  ]
}