{
  "name": "tri3",
  "time": [
    4823449,
    7643388,
    72090468,
    482843602
  ],
  "ndof": [
    220,
    3024,
    18586,
    105936
  ],
  "error": [
    0.007036555426593483,
    0.000561609155543985,
    0.00007659141188404162,
    5.179270132993352e-6
  ]
}