{
  "name": "tri10",
  "time": [
    4596962,
    9564657,
    124306069,
    898718442
  ],
  "ndof": [
    314,
    1754,
    26390,
    165200
  ],
  "error": [
    0.000030520541355549824,
    5.166483241780817e-7,
    3.0817765006574405e-10,
    1.447181818825527e-10
  ]
}