{
  "name": "hex8",
  "time": [
    4426207,
    7210852,
    46788050,
    681653094
  ],
  "ndof": [
    270,
    1326,
    12546,
    131406
  ],
  "error": [
    0.006289046161683631,
    0.0009413767139788143,
    0.00008992898072840427,
    8.598171109375219e-6
  ]
}