{
  "name": "hex20",
  "time": [
    2745685,
    2120620,
    7690324,
    31442033,
    33668990,
    80404614,
    353971272,
    982500082
  ],
  "ndof": [
    96,
    267,
    861,
    3057,
    4659,
    11481,
    44457,
    107259
  ],
  "error": [
    0.002604334547426479,
    0.00025670316496678725,
    0.000018332935086851077,
    1.140767826646183e-6,
    4.6297594491484517e-7,
    6.925614032260441e-8,
    4.2326876448228745e-9,
    7.034964832897117e-10
  ]
}