{
  "name": "qua16",
  "time": [
    3679441,
    1529443,
    3040100,
    7539419,
    8981013,
    24424780,
    96679725,
    245109445
  ],
  "ndof": [
    56,
    182,
    650,
    2450,
    3782,
    9506,
    37442,
    90902
  ],
  "error": [
    0.0001536731937488156,
    3.882117049547329e-6,
    4.326144709132507e-8,
    9.568428938067086e-9,
    4.300105216348271e-9,
    7.212777042298057e-10,
    4.694589161857721e-11,
    8.0683237868584e-12
  ]
}