{
  "name": "qua8",
  "time": [
    3435550,
    1735074,
    1878292,
    2372596,
    3197836,
    7935197,
    63093715,
    147463098
  ],
  "ndof": [
    26,
    74,
    242,
    866,
    1322,
    3266,
    12674,
    30602
  ],
  "error": [
    0.002604334547420095,
    0.0002567031649670093,
    0.000018332935098730463,
    1.1407678049413228e-6,
    4.6297596517641537e-7,
    6.925616369279908e-8,
    4.232656725111639e-9,
    7.033900129016502e-10
  ]
}