{
  "name": "tri6",
  "time": [
    3877264,
    3715387,
    72138788,
    337617886
  ],
  "ndof": [
    150,
    804,
    11820,
    73652
  ],
  "error": [
    0.002371716689891834,
    0.00008252233100369821,
    5.280809430852074e-7,
    4.584457868883618e-8
  ]
}