{
  "name": "tri6",
  "time": [
    4395807,
    3683855,
    37674243,
    193719798
  ],
  "ndof": [
    150,
    804,
    11820,
    73652
  ],
  "error": [
    0.0023717166898879483,
    0.00008252233097705286,
    5.280809714514056e-7,
    4.5844636198388855e-8
  ]
}