{
  "name": "qua16",
  "time": [
    2111792,
    1024883,
    4702627,
    14330357,
    14730009,
    43631145,
    180277795,
    473610786
  ],
  "ndof": [
    56,
    182,
    650,
    2450,
    3782,
    9506,
    37442,
    90902
  ],
  "error": [
    0.0001536731937468172,
    3.882117045439504e-6,
    4.3261435211938704e-8,
    9.56837953314249e-9,
    4.300201916773716e-9,
    7.212479502527458e-10,
    4.7080006559951926e-11,
    7.805089907719776e-12
  ]
}