{
  "name": "tet4",
  "time": [
    12156629,
    1046068435,
    0
  ],
  "ndof": [
    1695,
    49479,
    0
  ],
  "error": [
    0.0027975937528831873,
    0.00022906635246877638,
    0.0
  ]
}