# header
# ndim npoint ncell nmarked_edge nmarked_face
2 4785 4608 112 0

# points
# id marker x y {z}
0 0 0.0 0.0
1 0 0.0 8.0
2 0 1.0 0.0
3 0 2.0 0.0
4 0 3.0 0.0
5 0 4.0 0.0
6 0 5.0 0.0
7 0 6.0 0.0
8 0 7.0 0.0
9 0 8.0 0.0
10 0 9.0 0.0
11 0 10.0 0.0
12 0 11.0 0.0
13 0 12.0 0.0
14 0 13.0 0.0
15 0 14.0 0.0
16 0 15.0 0.0
17 0 16.0 0.0
18 0 17.0 0.0
19 0 18.0 0.0
20 0 19.0 0.0
21 0 20.0 0.0
22 0 21.0 0.0
23 0 22.0 0.0
24 0 23.0 0.0
25 0 24.0 0.0
26 0 25.0 0.0
27 0 26.0 0.0
28 0 27.0 0.0
29 0 28.0 0.0
30 0 29.0 0.0
31 0 30.0 0.0
32 0 31.0 0.0
33 0 32.0 0.0
34 0 33.0 0.0
35 0 34.0 0.0
36 0 35.0 0.0
37 0 36.0 0.0
38 0 36.0 8.0
39 0 35.0 8.0
40 0 34.0 8.0
41 0 33.0 8.0
42 0 32.0 8.0
43 0 31.0 8.0
44 0 30.0 8.0
45 0 29.0 8.0
46 0 28.0 8.0
47 0 27.0 8.0
48 0 26.0 8.0
49 0 25.0 8.0
50 0 24.0 8.0
51 0 23.0 8.0
52 0 22.0 8.0
53 0 21.0 8.0
54 0 20.0 8.0
55 0 19.0 8.0
56 0 18.0 8.0
57 0 17.0 8.0
58 0 16.0 8.0
59 0 15.0 8.0
60 0 14.0 8.0
61 0 13.0 8.0
62 0 12.0 8.0
63 0 11.0 8.0
64 0 10.0 8.0
65 0 9.0 8.0
66 0 8.0 8.0
67 0 7.0 8.0
68 0 6.0 8.0
69 0 5.0 8.0
70 0 4.0 8.0
71 0 3.0 8.0
72 0 2.0 8.0
73 0 1.0 8.0
74 0 0.0 7.0
75 0 0.0 6.0
76 0 0.0 5.0
77 0 0.0 4.0
78 0 0.0 3.0
79 0 0.0 2.0
80 0 0.0 1.0
81 0 1.0 1.0
82 0 1.0 2.0
83 0 1.0 3.0
84 0 1.0 4.0
85 0 1.0 5.0
86 0 1.0 6.0
87 0 1.0 7.0
88 0 2.0 1.0
89 0 2.0 2.0
90 0 2.0 3.0
91 0 2.0 4.0
92 0 2.0 5.0
93 0 2.0 6.0
94 0 2.0 7.0
95 0 3.0 1.0
96 0 3.0 2.0
97 0 3.0 3.0
98 0 3.0 4.0
99 0 3.0 5.0
100 0 3.0 6.0
101 0 3.0 7.0
102 0 4.0 1.0
103 0 4.0 2.0
104 0 4.0 3.0
105 0 4.0 4.0
106 0 4.0 5.0
107 0 4.0 6.0
108 0 4.0 7.0
109 0 5.0 1.0
110 0 5.0 2.0
111 0 5.0 3.0
112 0 5.0 4.0
113 0 5.0 5.0
114 0 5.0 6.0
115 0 5.0 7.0
116 0 6.0 1.0
117 0 6.0 2.0
118 0 6.0 3.0
119 0 6.0 4.0
120 0 6.0 5.0
121 0 6.0 6.0
122 0 6.0 7.0
123 0 7.0 1.0
124 0 7.0 2.0
125 0 7.0 3.0
126 0 7.0 4.0
127 0 7.0 5.0
128 0 7.0 6.0
129 0 7.0 7.0
130 0 8.0 1.0
131 0 8.0 2.0
132 0 8.0 3.0
133 0 8.0 4.0
134 0 8.0 5.0
135 0 8.0 6.0
136 0 8.0 7.0
137 0 9.0 1.0
138 0 9.0 2.0
139 0 9.0 3.0
140 0 9.0 4.0
141 0 9.0 5.0
142 0 9.0 6.0
143 0 9.0 7.0
144 0 10.0 1.0
145 0 10.0 2.0
146 0 10.0 3.0
147 0 10.0 4.0
148 0 10.0 5.0
149 0 10.0 6.0
150 0 10.0 7.0
151 0 11.0 1.0
152 0 11.0 2.0
153 0 11.0 3.0
154 0 11.0 4.0
155 0 11.0 5.0
156 0 11.0 6.0
157 0 11.0 7.0
158 0 12.0 1.0
159 0 12.0 2.0
160 0 12.0 3.0
161 0 12.0 4.0
162 0 12.0 5.0
163 0 12.0 6.0
164 0 12.0 7.0
165 0 13.0 1.0
166 0 13.0 2.0
167 0 13.0 3.0
168 0 13.0 4.0
169 0 13.0 5.0
170 0 13.0 6.0
171 0 13.0 7.0
172 0 14.0 1.0
173 0 14.0 2.0
174 0 14.0 3.0
175 0 14.0 4.0
176 0 14.0 5.0
177 0 14.0 6.0
178 0 14.0 7.0
179 0 15.0 1.0
180 0 15.0 2.0
181 0 15.0 3.0
182 0 15.0 4.0
183 0 15.0 5.0
184 0 15.0 6.0
185 0 15.0 7.0
186 0 16.0 1.0
187 0 16.0 2.0
188 0 16.0 3.0
189 0 16.0 4.0
190 0 16.0 5.0
191 0 16.0 6.0
192 0 16.0 7.0
193 0 17.0 1.0
194 0 17.0 2.0
195 0 17.0 3.0
196 0 17.0 4.0
197 0 17.0 5.0
198 0 17.0 6.0
199 0 17.0 7.0
200 0 18.0 1.0
201 0 18.0 2.0
202 0 18.0 3.0
203 0 18.0 4.0
204 0 18.0 5.0
205 0 18.0 6.0
206 0 18.0 7.0
207 0 19.0 1.0
208 0 19.0 2.0
209 0 19.0 3.0
210 0 19.0 4.0
211 0 19.0 5.0
212 0 19.0 6.0
213 0 19.0 7.0
214 0 20.0 1.0
215 0 20.0 2.0
216 0 20.0 3.0
217 0 20.0 4.0
218 0 20.0 5.0
219 0 20.0 6.0
220 0 20.0 7.0
221 0 21.0 1.0
222 0 21.0 2.0
223 0 21.0 3.0
224 0 21.0 4.0
225 0 21.0 5.0
226 0 21.0 6.0
227 0 21.0 7.0
228 0 22.0 1.0
229 0 22.0 2.0
230 0 22.0 3.0
231 0 22.0 4.0
232 0 22.0 5.0
233 0 22.0 6.0
234 0 22.0 7.0
235 0 23.0 1.0
236 0 23.0 2.0
237 0 23.0 3.0
238 0 23.0 4.0
239 0 23.0 5.0
240 0 23.0 6.0
241 0 23.0 7.0
242 0 24.0 1.0
243 0 24.0 2.0
244 0 24.0 3.0
245 0 24.0 4.0
246 0 24.0 5.0
247 0 24.0 6.0
248 0 24.0 7.0
249 0 25.0 1.0
250 0 25.0 2.0
251 0 25.0 3.0
252 0 25.0 4.0
253 0 25.0 5.0
254 0 25.0 6.0
255 0 25.0 7.0
256 0 26.0 1.0
257 0 26.0 2.0
258 0 26.0 3.0
259 0 26.0 4.0
260 0 26.0 5.0
261 0 26.0 6.0
262 0 26.0 7.0
263 0 27.0 1.0
264 0 27.0 2.0
265 0 27.0 3.0
266 0 27.0 4.0
267 0 27.0 5.0
268 0 27.0 6.0
269 0 27.0 7.0
270 0 28.0 1.0
271 0 28.0 2.0
272 0 28.0 3.0
273 0 28.0 4.0
274 0 28.0 5.0
275 0 28.0 6.0
276 0 28.0 7.0
277 0 29.0 1.0
278 0 29.0 2.0
279 0 29.0 3.0
280 0 29.0 4.0
281 0 29.0 5.0
282 0 29.0 6.0
283 0 29.0 7.0
284 0 30.0 1.0
285 0 30.0 2.0
286 0 30.0 3.0
287 0 30.0 4.0
288 0 30.0 5.0
289 0 30.0 6.0
290 0 30.0 7.0
291 0 31.0 1.0
292 0 31.0 2.0
293 0 31.0 3.0
294 0 31.0 4.0
295 0 31.0 5.0
296 0 31.0 6.0
297 0 31.0 7.0
298 0 32.0 1.0
299 0 32.0 2.0
300 0 32.0 3.0
301 0 32.0 4.0
302 0 32.0 5.0
303 0 32.0 6.0
304 0 32.0 7.0
305 0 33.0 1.0
306 0 33.0 2.0
307 0 33.0 3.0
308 0 33.0 4.0
309 0 33.0 5.0
310 0 33.0 6.0
311 0 33.0 7.0
312 0 34.0 1.0
313 0 34.0 2.0
314 0 34.0 3.0
315 0 34.0 4.0
316 0 34.0 5.0
317 0 34.0 6.0
318 0 34.0 7.0
319 0 35.0 1.0
320 0 35.0 2.0
321 0 35.0 3.0
322 0 35.0 4.0
323 0 35.0 5.0
324 0 35.0 6.0
325 0 35.0 7.0
326 0 36.0 1.0
327 0 36.0 2.0
328 0 36.0 3.0
329 0 36.0 4.0
330 0 36.0 5.0
331 0 36.0 6.0
332 0 36.0 7.0
333 0 0.0 0.75
334 0 0.0 0.5
335 0 0.0 0.25
336 0 0.75 8.0
337 0 0.5 8.0
338 0 0.25 8.0
339 0 0.25 0.0
340 0 0.5 0.0
341 0 0.75 0.0
342 0 1.25 0.0
343 0 1.5 0.0
344 0 1.75 0.0
345 0 2.25 0.0
346 0 2.5 0.0
347 0 2.75 0.0
348 0 3.25 0.0
349 0 3.5 0.0
350 0 3.75 0.0
351 0 4.25 0.0
352 0 4.5 0.0
353 0 4.75 0.0
354 0 5.25 0.0
355 0 5.5 0.0
356 0 5.75 0.0
357 0 6.25 0.0
358 0 6.5 0.0
359 0 6.75 0.0
360 0 7.25 0.0
361 0 7.5 0.0
362 0 7.75 0.0
363 0 8.25 0.0
364 0 8.5 0.0
365 0 8.75 0.0
366 0 9.25 0.0
367 0 9.5 0.0
368 0 9.75 0.0
369 0 10.25 0.0
370 0 10.5 0.0
371 0 10.75 0.0
372 0 11.25 0.0
373 0 11.5 0.0
374 0 11.75 0.0
375 0 12.25 0.0
376 0 12.5 0.0
377 0 12.75 0.0
378 0 13.25 0.0
379 0 13.5 0.0
380 0 13.75 0.0
381 0 14.25 0.0
382 0 14.5 0.0
383 0 14.75 0.0
384 0 15.25 0.0
385 0 15.5 0.0
386 0 15.75 0.0
387 0 16.25 0.0
388 0 16.5 0.0
389 0 16.75 0.0
390 0 17.25 0.0
391 0 17.5 0.0
392 0 17.75 0.0
393 0 18.25 0.0
394 0 18.5 0.0
395 0 18.75 0.0
396 0 19.25 0.0
397 0 19.5 0.0
398 0 19.75 0.0
399 0 20.25 0.0
400 0 20.5 0.0
401 0 20.75 0.0
402 0 21.25 0.0
403 0 21.5 0.0
404 0 21.75 0.0
405 0 22.25 0.0
406 0 22.5 0.0
407 0 22.75 0.0
408 0 23.25 0.0
409 0 23.5 0.0
410 0 23.75 0.0
411 0 24.25 0.0
412 0 24.5 0.0
413 0 24.75 0.0
414 0 25.25 0.0
415 0 25.5 0.0
416 0 25.75 0.0
417 0 26.25 0.0
418 0 26.5 0.0
419 0 26.75 0.0
420 0 27.25 0.0
421 0 27.5 0.0
422 0 27.75 0.0
423 0 28.25 0.0
424 0 28.5 0.0
425 0 28.75 0.0
426 0 29.25 0.0
427 0 29.5 0.0
428 0 29.75 0.0
429 0 30.25 0.0
430 0 30.5 0.0
431 0 30.75 0.0
432 0 31.25 0.0
433 0 31.5 0.0
434 0 31.75 0.0
435 0 32.25 0.0
436 0 32.5 0.0
437 0 32.75 0.0
438 0 33.25 0.0
439 0 33.5 0.0
440 0 33.75 0.0
441 0 34.25 0.0
442 0 34.5 0.0
443 0 34.75 0.0
444 0 35.25 0.0
445 0 35.5 0.0
446 0 35.75 0.0
447 0 35.75 8.0
448 0 35.5 8.0
449 0 35.25 8.0
450 0 34.75 8.0
451 0 34.5 8.0
452 0 34.25 8.0
453 0 33.75 8.0
454 0 33.5 8.0
455 0 33.25 8.0
456 0 32.75 8.0
457 0 32.5 8.0
458 0 32.25 8.0
459 0 31.75 8.0
460 0 31.5 8.0
461 0 31.25 8.0
462 0 30.75 8.0
463 0 30.5 8.0
464 0 30.25 8.0
465 0 29.75 8.0
466 0 29.5 8.0
467 0 29.25 8.0
468 0 28.75 8.0
469 0 28.5 8.0
470 0 28.25 8.0
471 0 27.75 8.0
472 0 27.5 8.0
473 0 27.25 8.0
474 0 26.75 8.0
475 0 26.5 8.0
476 0 26.25 8.0
477 0 25.75 8.0
478 0 25.5 8.0
479 0 25.25 8.0
480 0 24.75 8.0
481 0 24.5 8.0
482 0 24.25 8.0
483 0 23.75 8.0
484 0 23.5 8.0
485 0 23.25 8.0
486 0 22.75 8.0
487 0 22.5 8.0
488 0 22.25 8.0
489 0 21.75 8.0
490 0 21.5 8.0
491 0 21.25 8.0
492 0 20.75 8.0
493 0 20.5 8.0
494 0 20.25 8.0
495 0 19.75 8.0
496 0 19.5 8.0
497 0 19.25 8.0
498 0 18.75 8.0
499 0 18.5 8.0
500 0 18.25 8.0
501 0 17.75 8.0
502 0 17.5 8.0
503 0 17.25 8.0
504 0 16.75 8.0
505 0 16.5 8.0
506 0 16.25 8.0
507 0 15.75 8.0
508 0 15.5 8.0
509 0 15.25 8.0
510 0 14.75 8.0
511 0 14.5 8.0
512 0 14.25 8.0
513 0 13.75 8.0
514 0 13.5 8.0
515 0 13.25 8.0
516 0 12.75 8.0
517 0 12.5 8.0
518 0 12.25 8.0
519 0 11.75 8.0
520 0 11.5 8.0
521 0 11.25 8.0
522 0 10.75 8.0
523 0 10.5 8.0
524 0 10.25 8.0
525 0 9.75 8.0
526 0 9.5 8.0
527 0 9.25 8.0
528 0 8.75 8.0
529 0 8.5 8.0
530 0 8.25 8.0
531 0 7.75 8.0
532 0 7.5 8.0
533 0 7.25 8.0
534 0 6.75 8.0
535 0 6.5 8.0
536 0 6.25 8.0
537 0 5.75 8.0
538 0 5.5 8.0
539 0 5.25 8.0
540 0 4.75 8.0
541 0 4.5 8.0
542 0 4.25 8.0
543 0 3.75 8.0
544 0 3.5 8.0
545 0 3.25 8.0
546 0 2.75 8.0
547 0 2.5 8.0
548 0 2.25 8.0
549 0 1.75 8.0
550 0 1.5 8.0
551 0 1.25 8.0
552 0 1.0 7.25
553 0 1.0 7.5
554 0 1.0 7.75
555 0 2.0 7.25
556 0 2.0 7.5
557 0 2.0 7.75
558 0 3.0 7.25
559 0 3.0 7.5
560 0 3.0 7.75
561 0 4.0 7.25
562 0 4.0 7.5
563 0 4.0 7.75
564 0 5.0 7.25
565 0 5.0 7.5
566 0 5.0 7.75
567 0 6.0 7.25
568 0 6.0 7.5
569 0 6.0 7.75
570 0 7.0 7.25
571 0 7.0 7.5
572 0 7.0 7.75
573 0 8.0 7.25
574 0 8.0 7.5
575 0 8.0 7.75
576 0 9.0 7.25
577 0 9.0 7.5
578 0 9.0 7.75
579 0 10.0 7.25
580 0 10.0 7.5
581 0 10.0 7.75
582 0 11.0 7.25
583 0 11.0 7.5
584 0 11.0 7.75
585 0 12.0 7.25
586 0 12.0 7.5
587 0 12.0 7.75
588 0 13.0 7.25
589 0 13.0 7.5
590 0 13.0 7.75
591 0 14.0 7.25
592 0 14.0 7.5
593 0 14.0 7.75
594 0 15.0 7.25
595 0 15.0 7.5
596 0 15.0 7.75
597 0 16.0 7.25
598 0 16.0 7.5
599 0 16.0 7.75
600 0 17.0 7.25
601 0 17.0 7.5
602 0 17.0 7.75
603 0 18.0 7.25
604 0 18.0 7.5
605 0 18.0 7.75
606 0 19.0 7.25
607 0 19.0 7.5
608 0 19.0 7.75
609 0 20.0 7.25
610 0 20.0 7.5
611 0 20.0 7.75
612 0 21.0 7.25
613 0 21.0 7.5
614 0 21.0 7.75
615 0 22.0 7.25
616 0 22.0 7.5
617 0 22.0 7.75
618 0 23.0 7.25
619 0 23.0 7.5
620 0 23.0 7.75
621 0 24.0 7.25
622 0 24.0 7.5
623 0 24.0 7.75
624 0 25.0 7.25
625 0 25.0 7.5
626 0 25.0 7.75
627 0 26.0 7.25
628 0 26.0 7.5
629 0 26.0 7.75
630 0 27.0 7.25
631 0 27.0 7.5
632 0 27.0 7.75
633 0 28.0 7.25
634 0 28.0 7.5
635 0 28.0 7.75
636 0 29.0 7.25
637 0 29.0 7.5
638 0 29.0 7.75
639 0 30.0 7.25
640 0 30.0 7.5
641 0 30.0 7.75
642 0 31.0 7.25
643 0 31.0 7.5
644 0 31.0 7.75
645 0 32.0 7.25
646 0 32.0 7.5
647 0 32.0 7.75
648 0 33.0 7.25
649 0 33.0 7.5
650 0 33.0 7.75
651 0 34.0 7.25
652 0 34.0 7.5
653 0 34.0 7.75
654 0 35.0 7.25
655 0 35.0 7.5
656 0 35.0 7.75
657 0 36.0 7.25
658 0 36.0 7.5
659 0 36.0 7.75
660 0 0.0 7.75
661 0 0.0 7.5
662 0 0.0 7.25
663 0 0.0 6.75
664 0 0.0 6.5
665 0 0.0 6.25
666 0 0.0 5.75
667 0 0.0 5.5
668 0 0.0 5.25
669 0 0.0 4.75
670 0 0.0 4.5
671 0 0.0 4.25
672 0 0.0 3.75
673 0 0.0 3.5
674 0 0.0 3.25
675 0 0.0 2.75
676 0 0.0 2.5
677 0 0.0 2.25
678 0 0.0 1.75
679 0 0.0 1.5
680 0 0.0 1.25
681 0 1.0 0.25
682 0 1.0 0.5
683 0 1.0 0.75
684 0 1.0 1.25
685 0 1.0 1.5
686 0 1.0 1.75
687 0 1.0 2.25
688 0 1.0 2.5
689 0 1.0 2.75
690 0 1.0 3.25
691 0 1.0 3.5
692 0 1.0 3.75
693 0 1.0 4.25
694 0 1.0 4.5
695 0 1.0 4.75
696 0 1.0 5.25
697 0 1.0 5.5
698 0 1.0 5.75
699 0 1.0 6.25
700 0 1.0 6.5
701 0 1.0 6.75
702 0 2.0 0.25
703 0 2.0 0.5
704 0 2.0 0.75
705 0 2.0 1.25
706 0 2.0 1.5
707 0 2.0 1.75
708 0 2.0 2.25
709 0 2.0 2.5
710 0 2.0 2.75
711 0 2.0 3.25
712 0 2.0 3.5
713 0 2.0 3.75
714 0 2.0 4.25
715 0 2.0 4.5
716 0 2.0 4.75
717 0 2.0 5.25
718 0 2.0 5.5
719 0 2.0 5.75
720 0 2.0 6.25
721 0 2.0 6.5
722 0 2.0 6.75
723 0 3.0 0.25
724 0 3.0 0.5
725 0 3.0 0.75
726 0 3.0 1.25
727 0 3.0 1.5
728 0 3.0 1.75
729 0 3.0 2.25
730 0 3.0 2.5
731 0 3.0 2.75
732 0 3.0 3.25
733 0 3.0 3.5
734 0 3.0 3.75
735 0 3.0 4.25
736 0 3.0 4.5
737 0 3.0 4.75
738 0 3.0 5.25
739 0 3.0 5.5
740 0 3.0 5.75
741 0 3.0 6.25
742 0 3.0 6.5
743 0 3.0 6.75
744 0 4.0 0.25
745 0 4.0 0.5
746 0 4.0 0.75
747 0 4.0 1.25
748 0 4.0 1.5
749 0 4.0 1.75
750 0 4.0 2.25
751 0 4.0 2.5
752 0 4.0 2.75
753 0 4.0 3.25
754 0 4.0 3.5
755 0 4.0 3.75
756 0 4.0 4.25
757 0 4.0 4.5
758 0 4.0 4.75
759 0 4.0 5.25
760 0 4.0 5.5
761 0 4.0 5.75
762 0 4.0 6.25
763 0 4.0 6.5
764 0 4.0 6.75
765 0 5.0 0.25
766 0 5.0 0.5
767 0 5.0 0.75
768 0 5.0 1.25
769 0 5.0 1.5
770 0 5.0 1.75
771 0 5.0 2.25
772 0 5.0 2.5
773 0 5.0 2.75
774 0 5.0 3.25
775 0 5.0 3.5
776 0 5.0 3.75
777 0 5.0 4.25
778 0 5.0 4.5
779 0 5.0 4.75
780 0 5.0 5.25
781 0 5.0 5.5
782 0 5.0 5.75
783 0 5.0 6.25
784 0 5.0 6.5
785 0 5.0 6.75
786 0 6.0 0.25
787 0 6.0 0.5
788 0 6.0 0.75
789 0 6.0 1.25
790 0 6.0 1.5
791 0 6.0 1.75
792 0 6.0 2.25
793 0 6.0 2.5
794 0 6.0 2.75
795 0 6.0 3.25
796 0 6.0 3.5
797 0 6.0 3.75
798 0 6.0 4.25
799 0 6.0 4.5
800 0 6.0 4.75
801 0 6.0 5.25
802 0 6.0 5.5
803 0 6.0 5.75
804 0 6.0 6.25
805 0 6.0 6.5
806 0 6.0 6.75
807 0 7.0 0.25
808 0 7.0 0.5
809 0 7.0 0.75
810 0 7.0 1.25
811 0 7.0 1.5
812 0 7.0 1.75
813 0 7.0 2.25
814 0 7.0 2.5
815 0 7.0 2.75
816 0 7.0 3.25
817 0 7.0 3.5
818 0 7.0 3.75
819 0 7.0 4.25
820 0 7.0 4.5
821 0 7.0 4.75
822 0 7.0 5.25
823 0 7.0 5.5
824 0 7.0 5.75
825 0 7.0 6.25
826 0 7.0 6.5
827 0 7.0 6.75
828 0 8.0 0.25
829 0 8.0 0.5
830 0 8.0 0.75
831 0 8.0 1.25
832 0 8.0 1.5
833 0 8.0 1.75
834 0 8.0 2.25
835 0 8.0 2.5
836 0 8.0 2.75
837 0 8.0 3.25
838 0 8.0 3.5
839 0 8.0 3.75
840 0 8.0 4.25
841 0 8.0 4.5
842 0 8.0 4.75
843 0 8.0 5.25
844 0 8.0 5.5
845 0 8.0 5.75
846 0 8.0 6.25
847 0 8.0 6.5
848 0 8.0 6.75
849 0 9.0 0.25
850 0 9.0 0.5
851 0 9.0 0.75
852 0 9.0 1.25
853 0 9.0 1.5
854 0 9.0 1.75
855 0 9.0 2.25
856 0 9.0 2.5
857 0 9.0 2.75
858 0 9.0 3.25
859 0 9.0 3.5
860 0 9.0 3.75
861 0 9.0 4.25
862 0 9.0 4.5
863 0 9.0 4.75
864 0 9.0 5.25
865 0 9.0 5.5
866 0 9.0 5.75
867 0 9.0 6.25
868 0 9.0 6.5
869 0 9.0 6.75
870 0 10.0 0.25
871 0 10.0 0.5
872 0 10.0 0.75
873 0 10.0 1.25
874 0 10.0 1.5
875 0 10.0 1.75
876 0 10.0 2.25
877 0 10.0 2.5
878 0 10.0 2.75
879 0 10.0 3.25
880 0 10.0 3.5
881 0 10.0 3.75
882 0 10.0 4.25
883 0 10.0 4.5
884 0 10.0 4.75
885 0 10.0 5.25
886 0 10.0 5.5
887 0 10.0 5.75
888 0 10.0 6.25
889 0 10.0 6.5
890 0 10.0 6.75
891 0 11.0 0.25
892 0 11.0 0.5
893 0 11.0 0.75
894 0 11.0 1.25
895 0 11.0 1.5
896 0 11.0 1.75
897 0 11.0 2.25
898 0 11.0 2.5
899 0 11.0 2.75
900 0 11.0 3.25
901 0 11.0 3.5
902 0 11.0 3.75
903 0 11.0 4.25
904 0 11.0 4.5
905 0 11.0 4.75
906 0 11.0 5.25
907 0 11.0 5.5
908 0 11.0 5.75
909 0 11.0 6.25
910 0 11.0 6.5
911 0 11.0 6.75
912 0 12.0 0.25
913 0 12.0 0.5
914 0 12.0 0.75
915 0 12.0 1.25
916 0 12.0 1.5
917 0 12.0 1.75
918 0 12.0 2.25
919 0 12.0 2.5
920 0 12.0 2.75
921 0 12.0 3.25
922 0 12.0 3.5
923 0 12.0 3.75
924 0 12.0 4.25
925 0 12.0 4.5
926 0 12.0 4.75
927 0 12.0 5.25
928 0 12.0 5.5
929 0 12.0 5.75
930 0 12.0 6.25
931 0 12.0 6.5
932 0 12.0 6.75
933 0 13.0 0.25
934 0 13.0 0.5
935 0 13.0 0.75
936 0 13.0 1.25
937 0 13.0 1.5
938 0 13.0 1.75
939 0 13.0 2.25
940 0 13.0 2.5
941 0 13.0 2.75
942 0 13.0 3.25
943 0 13.0 3.5
944 0 13.0 3.75
945 0 13.0 4.25
946 0 13.0 4.5
947 0 13.0 4.75
948 0 13.0 5.25
949 0 13.0 5.5
950 0 13.0 5.75
951 0 13.0 6.25
952 0 13.0 6.5
953 0 13.0 6.75
954 0 14.0 0.25
955 0 14.0 0.5
956 0 14.0 0.75
957 0 14.0 1.25
958 0 14.0 1.5
959 0 14.0 1.75
960 0 14.0 2.25
961 0 14.0 2.5
962 0 14.0 2.75
963 0 14.0 3.25
964 0 14.0 3.5
965 0 14.0 3.75
966 0 14.0 4.25
967 0 14.0 4.5
968 0 14.0 4.75
969 0 14.0 5.25
970 0 14.0 5.5
971 0 14.0 5.75
972 0 14.0 6.25
973 0 14.0 6.5
974 0 14.0 6.75
975 0 15.0 0.25
976 0 15.0 0.5
977 0 15.0 0.75
978 0 15.0 1.25
979 0 15.0 1.5
980 0 15.0 1.75
981 0 15.0 2.25
982 0 15.0 2.5
983 0 15.0 2.75
984 0 15.0 3.25
985 0 15.0 3.5
986 0 15.0 3.75
987 0 15.0 4.25
988 0 15.0 4.5
989 0 15.0 4.75
990 0 15.0 5.25
991 0 15.0 5.5
992 0 15.0 5.75
993 0 15.0 6.25
994 0 15.0 6.5
995 0 15.0 6.75
996 0 16.0 0.25
997 0 16.0 0.5
998 0 16.0 0.75
999 0 16.0 1.25
1000 0 16.0 1.5
1001 0 16.0 1.75
1002 0 16.0 2.25
1003 0 16.0 2.5
1004 0 16.0 2.75
1005 0 16.0 3.25
1006 0 16.0 3.5
1007 0 16.0 3.75
1008 0 16.0 4.25
1009 0 16.0 4.5
1010 0 16.0 4.75
1011 0 16.0 5.25
1012 0 16.0 5.5
1013 0 16.0 5.75
1014 0 16.0 6.25
1015 0 16.0 6.5
1016 0 16.0 6.75
1017 0 17.0 0.25
1018 0 17.0 0.5
1019 0 17.0 0.75
1020 0 17.0 1.25
1021 0 17.0 1.5
1022 0 17.0 1.75
1023 0 17.0 2.25
1024 0 17.0 2.5
1025 0 17.0 2.75
1026 0 17.0 3.25
1027 0 17.0 3.5
1028 0 17.0 3.75
1029 0 17.0 4.25
1030 0 17.0 4.5
1031 0 17.0 4.75
1032 0 17.0 5.25
1033 0 17.0 5.5
1034 0 17.0 5.75
1035 0 17.0 6.25
1036 0 17.0 6.5
1037 0 17.0 6.75
1038 0 18.0 0.25
1039 0 18.0 0.5
1040 0 18.0 0.75
1041 0 18.0 1.25
1042 0 18.0 1.5
1043 0 18.0 1.75
1044 0 18.0 2.25
1045 0 18.0 2.5
1046 0 18.0 2.75
1047 0 18.0 3.25
1048 0 18.0 3.5
1049 0 18.0 3.75
1050 0 18.0 4.25
1051 0 18.0 4.5
1052 0 18.0 4.75
1053 0 18.0 5.25
1054 0 18.0 5.5
1055 0 18.0 5.75
1056 0 18.0 6.25
1057 0 18.0 6.5
1058 0 18.0 6.75
1059 0 19.0 0.25
1060 0 19.0 0.5
1061 0 19.0 0.75
1062 0 19.0 1.25
1063 0 19.0 1.5
1064 0 19.0 1.75
1065 0 19.0 2.25
1066 0 19.0 2.5
1067 0 19.0 2.75
1068 0 19.0 3.25
1069 0 19.0 3.5
1070 0 19.0 3.75
1071 0 19.0 4.25
1072 0 19.0 4.5
1073 0 19.0 4.75
1074 0 19.0 5.25
1075 0 19.0 5.5
1076 0 19.0 5.75
1077 0 19.0 6.25
1078 0 19.0 6.5
1079 0 19.0 6.75
1080 0 20.0 0.25
1081 0 20.0 0.5
1082 0 20.0 0.75
1083 0 20.0 1.25
1084 0 20.0 1.5
1085 0 20.0 1.75
1086 0 20.0 2.25
1087 0 20.0 2.5
1088 0 20.0 2.75
1089 0 20.0 3.25
1090 0 20.0 3.5
1091 0 20.0 3.75
1092 0 20.0 4.25
1093 0 20.0 4.5
1094 0 20.0 4.75
1095 0 20.0 5.25
1096 0 20.0 5.5
1097 0 20.0 5.75
1098 0 20.0 6.25
1099 0 20.0 6.5
1100 0 20.0 6.75
1101 0 21.0 0.25
1102 0 21.0 0.5
1103 0 21.0 0.75
1104 0 21.0 1.25
1105 0 21.0 1.5
1106 0 21.0 1.75
1107 0 21.0 2.25
1108 0 21.0 2.5
1109 0 21.0 2.75
1110 0 21.0 3.25
1111 0 21.0 3.5
1112 0 21.0 3.75
1113 0 21.0 4.25
1114 0 21.0 4.5
1115 0 21.0 4.75
1116 0 21.0 5.25
1117 0 21.0 5.5
1118 0 21.0 5.75
1119 0 21.0 6.25
1120 0 21.0 6.5
1121 0 21.0 6.75
1122 0 22.0 0.25
1123 0 22.0 0.5
1124 0 22.0 0.75
1125 0 22.0 1.25
1126 0 22.0 1.5
1127 0 22.0 1.75
1128 0 22.0 2.25
1129 0 22.0 2.5
1130 0 22.0 2.75
1131 0 22.0 3.25
1132 0 22.0 3.5
1133 0 22.0 3.75
1134 0 22.0 4.25
1135 0 22.0 4.5
1136 0 22.0 4.75
1137 0 22.0 5.25
1138 0 22.0 5.5
1139 0 22.0 5.75
1140 0 22.0 6.25
1141 0 22.0 6.5
1142 0 22.0 6.75
1143 0 23.0 0.25
1144 0 23.0 0.5
1145 0 23.0 0.75
1146 0 23.0 1.25
1147 0 23.0 1.5
1148 0 23.0 1.75
1149 0 23.0 2.25
1150 0 23.0 2.5
1151 0 23.0 2.75
1152 0 23.0 3.25
1153 0 23.0 3.5
1154 0 23.0 3.75
1155 0 23.0 4.25
1156 0 23.0 4.5
1157 0 23.0 4.75
1158 0 23.0 5.25
1159 0 23.0 5.5
1160 0 23.0 5.75
1161 0 23.0 6.25
1162 0 23.0 6.5
1163 0 23.0 6.75
1164 0 24.0 0.25
1165 0 24.0 0.5
1166 0 24.0 0.75
1167 0 24.0 1.25
1168 0 24.0 1.5
1169 0 24.0 1.75
1170 0 24.0 2.25
1171 0 24.0 2.5
1172 0 24.0 2.75
1173 0 24.0 3.25
1174 0 24.0 3.5
1175 0 24.0 3.75
1176 0 24.0 4.25
1177 0 24.0 4.5
1178 0 24.0 4.75
1179 0 24.0 5.25
1180 0 24.0 5.5
1181 0 24.0 5.75
1182 0 24.0 6.25
1183 0 24.0 6.5
1184 0 24.0 6.75
1185 0 25.0 0.25
1186 0 25.0 0.5
1187 0 25.0 0.75
1188 0 25.0 1.25
1189 0 25.0 1.5
1190 0 25.0 1.75
1191 0 25.0 2.25
1192 0 25.0 2.5
1193 0 25.0 2.75
1194 0 25.0 3.25
1195 0 25.0 3.5
1196 0 25.0 3.75
1197 0 25.0 4.25
1198 0 25.0 4.5
1199 0 25.0 4.75
1200 0 25.0 5.25
1201 0 25.0 5.5
1202 0 25.0 5.75
1203 0 25.0 6.25
1204 0 25.0 6.5
1205 0 25.0 6.75
1206 0 26.0 0.25
1207 0 26.0 0.5
1208 0 26.0 0.75
1209 0 26.0 1.25
1210 0 26.0 1.5
1211 0 26.0 1.75
1212 0 26.0 2.25
1213 0 26.0 2.5
1214 0 26.0 2.75
1215 0 26.0 3.25
1216 0 26.0 3.5
1217 0 26.0 3.75
1218 0 26.0 4.25
1219 0 26.0 4.5
1220 0 26.0 4.75
1221 0 26.0 5.25
1222 0 26.0 5.5
1223 0 26.0 5.75
1224 0 26.0 6.25
1225 0 26.0 6.5
1226 0 26.0 6.75
1227 0 27.0 0.25
1228 0 27.0 0.5
1229 0 27.0 0.75
1230 0 27.0 1.25
1231 0 27.0 1.5
1232 0 27.0 1.75
1233 0 27.0 2.25
1234 0 27.0 2.5
1235 0 27.0 2.75
1236 0 27.0 3.25
1237 0 27.0 3.5
1238 0 27.0 3.75
1239 0 27.0 4.25
1240 0 27.0 4.5
1241 0 27.0 4.75
1242 0 27.0 5.25
1243 0 27.0 5.5
1244 0 27.0 5.75
1245 0 27.0 6.25
1246 0 27.0 6.5
1247 0 27.0 6.75
1248 0 28.0 0.25
1249 0 28.0 0.5
1250 0 28.0 0.75
1251 0 28.0 1.25
1252 0 28.0 1.5
1253 0 28.0 1.75
1254 0 28.0 2.25
1255 0 28.0 2.5
1256 0 28.0 2.75
1257 0 28.0 3.25
1258 0 28.0 3.5
1259 0 28.0 3.75
1260 0 28.0 4.25
1261 0 28.0 4.5
1262 0 28.0 4.75
1263 0 28.0 5.25
1264 0 28.0 5.5
1265 0 28.0 5.75
1266 0 28.0 6.25
1267 0 28.0 6.5
1268 0 28.0 6.75
1269 0 29.0 0.25
1270 0 29.0 0.5
1271 0 29.0 0.75
1272 0 29.0 1.25
1273 0 29.0 1.5
1274 0 29.0 1.75
1275 0 29.0 2.25
1276 0 29.0 2.5
1277 0 29.0 2.75
1278 0 29.0 3.25
1279 0 29.0 3.5
1280 0 29.0 3.75
1281 0 29.0 4.25
1282 0 29.0 4.5
1283 0 29.0 4.75
1284 0 29.0 5.25
1285 0 29.0 5.5
1286 0 29.0 5.75
1287 0 29.0 6.25
1288 0 29.0 6.5
1289 0 29.0 6.75
1290 0 30.0 0.25
1291 0 30.0 0.5
1292 0 30.0 0.75
1293 0 30.0 1.25
1294 0 30.0 1.5
1295 0 30.0 1.75
1296 0 30.0 2.25
1297 0 30.0 2.5
1298 0 30.0 2.75
1299 0 30.0 3.25
1300 0 30.0 3.5
1301 0 30.0 3.75
1302 0 30.0 4.25
1303 0 30.0 4.5
1304 0 30.0 4.75
1305 0 30.0 5.25
1306 0 30.0 5.5
1307 0 30.0 5.75
1308 0 30.0 6.25
1309 0 30.0 6.5
1310 0 30.0 6.75
1311 0 31.0 0.25
1312 0 31.0 0.5
1313 0 31.0 0.75
1314 0 31.0 1.25
1315 0 31.0 1.5
1316 0 31.0 1.75
1317 0 31.0 2.25
1318 0 31.0 2.5
1319 0 31.0 2.75
1320 0 31.0 3.25
1321 0 31.0 3.5
1322 0 31.0 3.75
1323 0 31.0 4.25
1324 0 31.0 4.5
1325 0 31.0 4.75
1326 0 31.0 5.25
1327 0 31.0 5.5
1328 0 31.0 5.75
1329 0 31.0 6.25
1330 0 31.0 6.5
1331 0 31.0 6.75
1332 0 32.0 0.25
1333 0 32.0 0.5
1334 0 32.0 0.75
1335 0 32.0 1.25
1336 0 32.0 1.5
1337 0 32.0 1.75
1338 0 32.0 2.25
1339 0 32.0 2.5
1340 0 32.0 2.75
1341 0 32.0 3.25
1342 0 32.0 3.5
1343 0 32.0 3.75
1344 0 32.0 4.25
1345 0 32.0 4.5
1346 0 32.0 4.75
1347 0 32.0 5.25
1348 0 32.0 5.5
1349 0 32.0 5.75
1350 0 32.0 6.25
1351 0 32.0 6.5
1352 0 32.0 6.75
1353 0 33.0 0.25
1354 0 33.0 0.5
1355 0 33.0 0.75
1356 0 33.0 1.25
1357 0 33.0 1.5
1358 0 33.0 1.75
1359 0 33.0 2.25
1360 0 33.0 2.5
1361 0 33.0 2.75
1362 0 33.0 3.25
1363 0 33.0 3.5
1364 0 33.0 3.75
1365 0 33.0 4.25
1366 0 33.0 4.5
1367 0 33.0 4.75
1368 0 33.0 5.25
1369 0 33.0 5.5
1370 0 33.0 5.75
1371 0 33.0 6.25
1372 0 33.0 6.5
1373 0 33.0 6.75
1374 0 34.0 0.25
1375 0 34.0 0.5
1376 0 34.0 0.75
1377 0 34.0 1.25
1378 0 34.0 1.5
1379 0 34.0 1.75
1380 0 34.0 2.25
1381 0 34.0 2.5
1382 0 34.0 2.75
1383 0 34.0 3.25
1384 0 34.0 3.5
1385 0 34.0 3.75
1386 0 34.0 4.25
1387 0 34.0 4.5
1388 0 34.0 4.75
1389 0 34.0 5.25
1390 0 34.0 5.5
1391 0 34.0 5.75
1392 0 34.0 6.25
1393 0 34.0 6.5
1394 0 34.0 6.75
1395 0 35.0 0.25
1396 0 35.0 0.5
1397 0 35.0 0.75
1398 0 35.0 1.25
1399 0 35.0 1.5
1400 0 35.0 1.75
1401 0 35.0 2.25
1402 0 35.0 2.5
1403 0 35.0 2.75
1404 0 35.0 3.25
1405 0 35.0 3.5
1406 0 35.0 3.75
1407 0 35.0 4.25
1408 0 35.0 4.5
1409 0 35.0 4.75
1410 0 35.0 5.25
1411 0 35.0 5.5
1412 0 35.0 5.75
1413 0 35.0 6.25
1414 0 35.0 6.5
1415 0 35.0 6.75
1416 0 36.0 0.25
1417 0 36.0 0.5
1418 0 36.0 0.75
1419 0 36.0 1.25
1420 0 36.0 1.5
1421 0 36.0 1.75
1422 0 36.0 2.25
1423 0 36.0 2.5
1424 0 36.0 2.75
1425 0 36.0 3.25
1426 0 36.0 3.5
1427 0 36.0 3.75
1428 0 36.0 4.25
1429 0 36.0 4.5
1430 0 36.0 4.75
1431 0 36.0 5.25
1432 0 36.0 5.5
1433 0 36.0 5.75
1434 0 36.0 6.25
1435 0 36.0 6.5
1436 0 36.0 6.75
1437 0 35.75 1.0
1438 0 35.5 1.0
1439 0 35.25 1.0
1440 0 35.75 2.0
1441 0 35.5 2.0
1442 0 35.25 2.0
1443 0 35.75 3.0
1444 0 35.5 3.0
1445 0 35.25 3.0
1446 0 35.75 4.0
1447 0 35.5 4.0
1448 0 35.25 4.0
1449 0 35.75 5.0
1450 0 35.5 5.0
1451 0 35.25 5.0
1452 0 35.75 6.0
1453 0 35.5 6.0
1454 0 35.25 6.0
1455 0 35.75 7.0
1456 0 35.5 7.0
1457 0 35.25 7.0
1458 0 34.75 1.0
1459 0 34.5 1.0
1460 0 34.25 1.0
1461 0 34.75 2.0
1462 0 34.5 2.0
1463 0 34.25 2.0
1464 0 34.75 3.0
1465 0 34.5 3.0
1466 0 34.25 3.0
1467 0 34.75 4.0
1468 0 34.5 4.0
1469 0 34.25 4.0
1470 0 34.75 5.0
1471 0 34.5 5.0
1472 0 34.25 5.0
1473 0 34.75 6.0
1474 0 34.5 6.0
1475 0 34.25 6.0
1476 0 34.75 7.0
1477 0 34.5 7.0
1478 0 34.25 7.0
1479 0 33.75 1.0
1480 0 33.5 1.0
1481 0 33.25 1.0
1482 0 33.75 2.0
1483 0 33.5 2.0
1484 0 33.25 2.0
1485 0 33.75 3.0
1486 0 33.5 3.0
1487 0 33.25 3.0
1488 0 33.75 4.0
1489 0 33.5 4.0
1490 0 33.25 4.0
1491 0 33.75 5.0
1492 0 33.5 5.0
1493 0 33.25 5.0
1494 0 33.75 6.0
1495 0 33.5 6.0
1496 0 33.25 6.0
1497 0 33.75 7.0
1498 0 33.5 7.0
1499 0 33.25 7.0
1500 0 32.75 1.0
1501 0 32.5 1.0
1502 0 32.25 1.0
1503 0 32.75 2.0
1504 0 32.5 2.0
1505 0 32.25 2.0
1506 0 32.75 3.0
1507 0 32.5 3.0
1508 0 32.25 3.0
1509 0 32.75 4.0
1510 0 32.5 4.0
1511 0 32.25 4.0
1512 0 32.75 5.0
1513 0 32.5 5.0
1514 0 32.25 5.0
1515 0 32.75 6.0
1516 0 32.5 6.0
1517 0 32.25 6.0
1518 0 32.75 7.0
1519 0 32.5 7.0
1520 0 32.25 7.0
1521 0 31.75 1.0
1522 0 31.5 1.0
1523 0 31.25 1.0
1524 0 31.75 2.0
1525 0 31.5 2.0
1526 0 31.25 2.0
1527 0 31.75 3.0
1528 0 31.5 3.0
1529 0 31.25 3.0
1530 0 31.75 4.0
1531 0 31.5 4.0
1532 0 31.25 4.0
1533 0 31.75 5.0
1534 0 31.5 5.0
1535 0 31.25 5.0
1536 0 31.75 6.0
1537 0 31.5 6.0
1538 0 31.25 6.0
1539 0 31.75 7.0
1540 0 31.5 7.0
1541 0 31.25 7.0
1542 0 30.75 1.0
1543 0 30.5 1.0
1544 0 30.25 1.0
1545 0 30.75 2.0
1546 0 30.5 2.0
1547 0 30.25 2.0
1548 0 30.75 3.0
1549 0 30.5 3.0
1550 0 30.25 3.0
1551 0 30.75 4.0
1552 0 30.5 4.0
1553 0 30.25 4.0
1554 0 30.75 5.0
1555 0 30.5 5.0
1556 0 30.25 5.0
1557 0 30.75 6.0
1558 0 30.5 6.0
1559 0 30.25 6.0
1560 0 30.75 7.0
1561 0 30.5 7.0
1562 0 30.25 7.0
1563 0 29.75 1.0
1564 0 29.5 1.0
1565 0 29.25 1.0
1566 0 29.75 2.0
1567 0 29.5 2.0
1568 0 29.25 2.0
1569 0 29.75 3.0
1570 0 29.5 3.0
1571 0 29.25 3.0
1572 0 29.75 4.0
1573 0 29.5 4.0
1574 0 29.25 4.0
1575 0 29.75 5.0
1576 0 29.5 5.0
1577 0 29.25 5.0
1578 0 29.75 6.0
1579 0 29.5 6.0
1580 0 29.25 6.0
1581 0 29.75 7.0
1582 0 29.5 7.0
1583 0 29.25 7.0
1584 0 28.75 1.0
1585 0 28.5 1.0
1586 0 28.25 1.0
1587 0 28.75 2.0
1588 0 28.5 2.0
1589 0 28.25 2.0
1590 0 28.75 3.0
1591 0 28.5 3.0
1592 0 28.25 3.0
1593 0 28.75 4.0
1594 0 28.5 4.0
1595 0 28.25 4.0
1596 0 28.75 5.0
1597 0 28.5 5.0
1598 0 28.25 5.0
1599 0 28.75 6.0
1600 0 28.5 6.0
1601 0 28.25 6.0
1602 0 28.75 7.0
1603 0 28.5 7.0
1604 0 28.25 7.0
1605 0 27.75 1.0
1606 0 27.5 1.0
1607 0 27.25 1.0
1608 0 27.75 2.0
1609 0 27.5 2.0
1610 0 27.25 2.0
1611 0 27.75 3.0
1612 0 27.5 3.0
1613 0 27.25 3.0
1614 0 27.75 4.0
1615 0 27.5 4.0
1616 0 27.25 4.0
1617 0 27.75 5.0
1618 0 27.5 5.0
1619 0 27.25 5.0
1620 0 27.75 6.0
1621 0 27.5 6.0
1622 0 27.25 6.0
1623 0 27.75 7.0
1624 0 27.5 7.0
1625 0 27.25 7.0
1626 0 26.75 1.0
1627 0 26.5 1.0
1628 0 26.25 1.0
1629 0 26.75 2.0
1630 0 26.5 2.0
1631 0 26.25 2.0
1632 0 26.75 3.0
1633 0 26.5 3.0
1634 0 26.25 3.0
1635 0 26.75 4.0
1636 0 26.5 4.0
1637 0 26.25 4.0
1638 0 26.75 5.0
1639 0 26.5 5.0
1640 0 26.25 5.0
1641 0 26.75 6.0
1642 0 26.5 6.0
1643 0 26.25 6.0
1644 0 26.75 7.0
1645 0 26.5 7.0
1646 0 26.25 7.0
1647 0 25.75 1.0
1648 0 25.5 1.0
1649 0 25.25 1.0
1650 0 25.75 2.0
1651 0 25.5 2.0
1652 0 25.25 2.0
1653 0 25.75 3.0
1654 0 25.5 3.0
1655 0 25.25 3.0
1656 0 25.75 4.0
1657 0 25.5 4.0
1658 0 25.25 4.0
1659 0 25.75 5.0
1660 0 25.5 5.0
1661 0 25.25 5.0
1662 0 25.75 6.0
1663 0 25.5 6.0
1664 0 25.25 6.0
1665 0 25.75 7.0
1666 0 25.5 7.0
1667 0 25.25 7.0
1668 0 24.75 1.0
1669 0 24.5 1.0
1670 0 24.25 1.0
1671 0 24.75 2.0
1672 0 24.5 2.0
1673 0 24.25 2.0
1674 0 24.75 3.0
1675 0 24.5 3.0
1676 0 24.25 3.0
1677 0 24.75 4.0
1678 0 24.5 4.0
1679 0 24.25 4.0
1680 0 24.75 5.0
1681 0 24.5 5.0
1682 0 24.25 5.0
1683 0 24.75 6.0
1684 0 24.5 6.0
1685 0 24.25 6.0
1686 0 24.75 7.0
1687 0 24.5 7.0
1688 0 24.25 7.0
1689 0 23.75 1.0
1690 0 23.5 1.0
1691 0 23.25 1.0
1692 0 23.75 2.0
1693 0 23.5 2.0
1694 0 23.25 2.0
1695 0 23.75 3.0
1696 0 23.5 3.0
1697 0 23.25 3.0
1698 0 23.75 4.0
1699 0 23.5 4.0
1700 0 23.25 4.0
1701 0 23.75 5.0
1702 0 23.5 5.0
1703 0 23.25 5.0
1704 0 23.75 6.0
1705 0 23.5 6.0
1706 0 23.25 6.0
1707 0 23.75 7.0
1708 0 23.5 7.0
1709 0 23.25 7.0
1710 0 22.75 1.0
1711 0 22.5 1.0
1712 0 22.25 1.0
1713 0 22.75 2.0
1714 0 22.5 2.0
1715 0 22.25 2.0
1716 0 22.75 3.0
1717 0 22.5 3.0
1718 0 22.25 3.0
1719 0 22.75 4.0
1720 0 22.5 4.0
1721 0 22.25 4.0
1722 0 22.75 5.0
1723 0 22.5 5.0
1724 0 22.25 5.0
1725 0 22.75 6.0
1726 0 22.5 6.0
1727 0 22.25 6.0
1728 0 22.75 7.0
1729 0 22.5 7.0
1730 0 22.25 7.0
1731 0 21.75 1.0
1732 0 21.5 1.0
1733 0 21.25 1.0
1734 0 21.75 2.0
1735 0 21.5 2.0
1736 0 21.25 2.0
1737 0 21.75 3.0
1738 0 21.5 3.0
1739 0 21.25 3.0
1740 0 21.75 4.0
1741 0 21.5 4.0
1742 0 21.25 4.0
1743 0 21.75 5.0
1744 0 21.5 5.0
1745 0 21.25 5.0
1746 0 21.75 6.0
1747 0 21.5 6.0
1748 0 21.25 6.0
1749 0 21.75 7.0
1750 0 21.5 7.0
1751 0 21.25 7.0
1752 0 20.75 1.0
1753 0 20.5 1.0
1754 0 20.25 1.0
1755 0 20.75 2.0
1756 0 20.5 2.0
1757 0 20.25 2.0
1758 0 20.75 3.0
1759 0 20.5 3.0
1760 0 20.25 3.0
1761 0 20.75 4.0
1762 0 20.5 4.0
1763 0 20.25 4.0
1764 0 20.75 5.0
1765 0 20.5 5.0
1766 0 20.25 5.0
1767 0 20.75 6.0
1768 0 20.5 6.0
1769 0 20.25 6.0
1770 0 20.75 7.0
1771 0 20.5 7.0
1772 0 20.25 7.0
1773 0 19.75 1.0
1774 0 19.5 1.0
1775 0 19.25 1.0
1776 0 19.75 2.0
1777 0 19.5 2.0
1778 0 19.25 2.0
1779 0 19.75 3.0
1780 0 19.5 3.0
1781 0 19.25 3.0
1782 0 19.75 4.0
1783 0 19.5 4.0
1784 0 19.25 4.0
1785 0 19.75 5.0
1786 0 19.5 5.0
1787 0 19.25 5.0
1788 0 19.75 6.0
1789 0 19.5 6.0
1790 0 19.25 6.0
1791 0 19.75 7.0
1792 0 19.5 7.0
1793 0 19.25 7.0
1794 0 18.75 1.0
1795 0 18.5 1.0
1796 0 18.25 1.0
1797 0 18.75 2.0
1798 0 18.5 2.0
1799 0 18.25 2.0
1800 0 18.75 3.0
1801 0 18.5 3.0
1802 0 18.25 3.0
1803 0 18.75 4.0
1804 0 18.5 4.0
1805 0 18.25 4.0
1806 0 18.75 5.0
1807 0 18.5 5.0
1808 0 18.25 5.0
1809 0 18.75 6.0
1810 0 18.5 6.0
1811 0 18.25 6.0
1812 0 18.75 7.0
1813 0 18.5 7.0
1814 0 18.25 7.0
1815 0 17.75 1.0
1816 0 17.5 1.0
1817 0 17.25 1.0
1818 0 17.75 2.0
1819 0 17.5 2.0
1820 0 17.25 2.0
1821 0 17.75 3.0
1822 0 17.5 3.0
1823 0 17.25 3.0
1824 0 17.75 4.0
1825 0 17.5 4.0
1826 0 17.25 4.0
1827 0 17.75 5.0
1828 0 17.5 5.0
1829 0 17.25 5.0
1830 0 17.75 6.0
1831 0 17.5 6.0
1832 0 17.25 6.0
1833 0 17.75 7.0
1834 0 17.5 7.0
1835 0 17.25 7.0
1836 0 16.75 1.0
1837 0 16.5 1.0
1838 0 16.25 1.0
1839 0 16.75 2.0
1840 0 16.5 2.0
1841 0 16.25 2.0
1842 0 16.75 3.0
1843 0 16.5 3.0
1844 0 16.25 3.0
1845 0 16.75 4.0
1846 0 16.5 4.0
1847 0 16.25 4.0
1848 0 16.75 5.0
1849 0 16.5 5.0
1850 0 16.25 5.0
1851 0 16.75 6.0
1852 0 16.5 6.0
1853 0 16.25 6.0
1854 0 16.75 7.0
1855 0 16.5 7.0
1856 0 16.25 7.0
1857 0 15.75 1.0
1858 0 15.5 1.0
1859 0 15.25 1.0
1860 0 15.75 2.0
1861 0 15.5 2.0
1862 0 15.25 2.0
1863 0 15.75 3.0
1864 0 15.5 3.0
1865 0 15.25 3.0
1866 0 15.75 4.0
1867 0 15.5 4.0
1868 0 15.25 4.0
1869 0 15.75 5.0
1870 0 15.5 5.0
1871 0 15.25 5.0
1872 0 15.75 6.0
1873 0 15.5 6.0
1874 0 15.25 6.0
1875 0 15.75 7.0
1876 0 15.5 7.0
1877 0 15.25 7.0
1878 0 14.75 1.0
1879 0 14.5 1.0
1880 0 14.25 1.0
1881 0 14.75 2.0
1882 0 14.5 2.0
1883 0 14.25 2.0
1884 0 14.75 3.0
1885 0 14.5 3.0
1886 0 14.25 3.0
1887 0 14.75 4.0
1888 0 14.5 4.0
1889 0 14.25 4.0
1890 0 14.75 5.0
1891 0 14.5 5.0
1892 0 14.25 5.0
1893 0 14.75 6.0
1894 0 14.5 6.0
1895 0 14.25 6.0
1896 0 14.75 7.0
1897 0 14.5 7.0
1898 0 14.25 7.0
1899 0 13.75 1.0
1900 0 13.5 1.0
1901 0 13.25 1.0
1902 0 13.75 2.0
1903 0 13.5 2.0
1904 0 13.25 2.0
1905 0 13.75 3.0
1906 0 13.5 3.0
1907 0 13.25 3.0
1908 0 13.75 4.0
1909 0 13.5 4.0
1910 0 13.25 4.0
1911 0 13.75 5.0
1912 0 13.5 5.0
1913 0 13.25 5.0
1914 0 13.75 6.0
1915 0 13.5 6.0
1916 0 13.25 6.0
1917 0 13.75 7.0
1918 0 13.5 7.0
1919 0 13.25 7.0
1920 0 12.75 1.0
1921 0 12.5 1.0
1922 0 12.25 1.0
1923 0 12.75 2.0
1924 0 12.5 2.0
1925 0 12.25 2.0
1926 0 12.75 3.0
1927 0 12.5 3.0
1928 0 12.25 3.0
1929 0 12.75 4.0
1930 0 12.5 4.0
1931 0 12.25 4.0
1932 0 12.75 5.0
1933 0 12.5 5.0
1934 0 12.25 5.0
1935 0 12.75 6.0
1936 0 12.5 6.0
1937 0 12.25 6.0
1938 0 12.75 7.0
1939 0 12.5 7.0
1940 0 12.25 7.0
1941 0 11.75 1.0
1942 0 11.5 1.0
1943 0 11.25 1.0
1944 0 11.75 2.0
1945 0 11.5 2.0
1946 0 11.25 2.0
1947 0 11.75 3.0
1948 0 11.5 3.0
1949 0 11.25 3.0
1950 0 11.75 4.0
1951 0 11.5 4.0
1952 0 11.25 4.0
1953 0 11.75 5.0
1954 0 11.5 5.0
1955 0 11.25 5.0
1956 0 11.75 6.0
1957 0 11.5 6.0
1958 0 11.25 6.0
1959 0 11.75 7.0
1960 0 11.5 7.0
1961 0 11.25 7.0
1962 0 10.75 1.0
1963 0 10.5 1.0
1964 0 10.25 1.0
1965 0 10.75 2.0
1966 0 10.5 2.0
1967 0 10.25 2.0
1968 0 10.75 3.0
1969 0 10.5 3.0
1970 0 10.25 3.0
1971 0 10.75 4.0
1972 0 10.5 4.0
1973 0 10.25 4.0
1974 0 10.75 5.0
1975 0 10.5 5.0
1976 0 10.25 5.0
1977 0 10.75 6.0
1978 0 10.5 6.0
1979 0 10.25 6.0
1980 0 10.75 7.0
1981 0 10.5 7.0
1982 0 10.25 7.0
1983 0 9.75 1.0
1984 0 9.5 1.0
1985 0 9.25 1.0
1986 0 9.75 2.0
1987 0 9.5 2.0
1988 0 9.25 2.0
1989 0 9.75 3.0
1990 0 9.5 3.0
1991 0 9.25 3.0
1992 0 9.75 4.0
1993 0 9.5 4.0
1994 0 9.25 4.0
1995 0 9.75 5.0
1996 0 9.5 5.0
1997 0 9.25 5.0
1998 0 9.75 6.0
1999 0 9.5 6.0
2000 0 9.25 6.0
2001 0 9.75 7.0
2002 0 9.5 7.0
2003 0 9.25 7.0
2004 0 8.75 1.0
2005 0 8.5 1.0
2006 0 8.25 1.0
2007 0 8.75 2.0
2008 0 8.5 2.0
2009 0 8.25 2.0
2010 0 8.75 3.0
2011 0 8.5 3.0
2012 0 8.25 3.0
2013 0 8.75 4.0
2014 0 8.5 4.0
2015 0 8.25 4.0
2016 0 8.75 5.0
2017 0 8.5 5.0
2018 0 8.25 5.0
2019 0 8.75 6.0
2020 0 8.5 6.0
2021 0 8.25 6.0
2022 0 8.75 7.0
2023 0 8.5 7.0
2024 0 8.25 7.0
2025 0 7.75 1.0
2026 0 7.5 1.0
2027 0 7.25 1.0
2028 0 7.75 2.0
2029 0 7.5 2.0
2030 0 7.25 2.0
2031 0 7.75 3.0
2032 0 7.5 3.0
2033 0 7.25 3.0
2034 0 7.75 4.0
2035 0 7.5 4.0
2036 0 7.25 4.0
2037 0 7.75 5.0
2038 0 7.5 5.0
2039 0 7.25 5.0
2040 0 7.75 6.0
2041 0 7.5 6.0
2042 0 7.25 6.0
2043 0 7.75 7.0
2044 0 7.5 7.0
2045 0 7.25 7.0
2046 0 6.75 1.0
2047 0 6.5 1.0
2048 0 6.25 1.0
2049 0 6.75 2.0
2050 0 6.5 2.0
2051 0 6.25 2.0
2052 0 6.75 3.0
2053 0 6.5 3.0
2054 0 6.25 3.0
2055 0 6.75 4.0
2056 0 6.5 4.0
2057 0 6.25 4.0
2058 0 6.75 5.0
2059 0 6.5 5.0
2060 0 6.25 5.0
2061 0 6.75 6.0
2062 0 6.5 6.0
2063 0 6.25 6.0
2064 0 6.75 7.0
2065 0 6.5 7.0
2066 0 6.25 7.0
2067 0 5.75 1.0
2068 0 5.5 1.0
2069 0 5.25 1.0
2070 0 5.75 2.0
2071 0 5.5 2.0
2072 0 5.25 2.0
2073 0 5.75 3.0
2074 0 5.5 3.0
2075 0 5.25 3.0
2076 0 5.75 4.0
2077 0 5.5 4.0
2078 0 5.25 4.0
2079 0 5.75 5.0
2080 0 5.5 5.0
2081 0 5.25 5.0
2082 0 5.75 6.0
2083 0 5.5 6.0
2084 0 5.25 6.0
2085 0 5.75 7.0
2086 0 5.5 7.0
2087 0 5.25 7.0
2088 0 4.75 1.0
2089 0 4.5 1.0
2090 0 4.25 1.0
2091 0 4.75 2.0
2092 0 4.5 2.0
2093 0 4.25 2.0
2094 0 4.75 3.0
2095 0 4.5 3.0
2096 0 4.25 3.0
2097 0 4.75 4.0
2098 0 4.5 4.0
2099 0 4.25 4.0
2100 0 4.75 5.0
2101 0 4.5 5.0
2102 0 4.25 5.0
2103 0 4.75 6.0
2104 0 4.5 6.0
2105 0 4.25 6.0
2106 0 4.75 7.0
2107 0 4.5 7.0
2108 0 4.25 7.0
2109 0 3.75 1.0
2110 0 3.5 1.0
2111 0 3.25 1.0
2112 0 3.75 2.0
2113 0 3.5 2.0
2114 0 3.25 2.0
2115 0 3.75 3.0
2116 0 3.5 3.0
2117 0 3.25 3.0
2118 0 3.75 4.0
2119 0 3.5 4.0
2120 0 3.25 4.0
2121 0 3.75 5.0
2122 0 3.5 5.0
2123 0 3.25 5.0
2124 0 3.75 6.0
2125 0 3.5 6.0
2126 0 3.25 6.0
2127 0 3.75 7.0
2128 0 3.5 7.0
2129 0 3.25 7.0
2130 0 2.75 1.0
2131 0 2.5 1.0
2132 0 2.25 1.0
2133 0 2.75 2.0
2134 0 2.5 2.0
2135 0 2.25 2.0
2136 0 2.75 3.0
2137 0 2.5 3.0
2138 0 2.25 3.0
2139 0 2.75 4.0
2140 0 2.5 4.0
2141 0 2.25 4.0
2142 0 2.75 5.0
2143 0 2.5 5.0
2144 0 2.25 5.0
2145 0 2.75 6.0
2146 0 2.5 6.0
2147 0 2.25 6.0
2148 0 2.75 7.0
2149 0 2.5 7.0
2150 0 2.25 7.0
2151 0 1.75 1.0
2152 0 1.5 1.0
2153 0 1.25 1.0
2154 0 1.75 2.0
2155 0 1.5 2.0
2156 0 1.25 2.0
2157 0 1.75 3.0
2158 0 1.5 3.0
2159 0 1.25 3.0
2160 0 1.75 4.0
2161 0 1.5 4.0
2162 0 1.25 4.0
2163 0 1.75 5.0
2164 0 1.5 5.0
2165 0 1.25 5.0
2166 0 1.75 6.0
2167 0 1.5 6.0
2168 0 1.25 6.0
2169 0 1.75 7.0
2170 0 1.5 7.0
2171 0 1.25 7.0
2172 0 0.75 1.0
2173 0 0.5 1.0
2174 0 0.25 1.0
2175 0 0.75 2.0
2176 0 0.5 2.0
2177 0 0.25 2.0
2178 0 0.75 3.0
2179 0 0.5 3.0
2180 0 0.25 3.0
2181 0 0.75 4.0
2182 0 0.5 4.0
2183 0 0.25 4.0
2184 0 0.75 5.0
2185 0 0.5 5.0
2186 0 0.25 5.0
2187 0 0.75 6.0
2188 0 0.5 6.0
2189 0 0.25 6.0
2190 0 0.75 7.0
2191 0 0.5 7.0
2192 0 0.25 7.0
2193 0 0.25 6.25
2194 0 0.25 6.5
2195 0 0.25 6.75
2196 0 0.5 6.25
2197 0 0.5 6.5
2198 0 0.5 6.75
2199 0 0.75 6.25
2200 0 0.75 6.5
2201 0 0.75 6.75
2202 0 0.25 5.25
2203 0 0.25 5.5
2204 0 0.25 5.75
2205 0 0.5 5.25
2206 0 0.5 5.5
2207 0 0.5 5.75
2208 0 0.75 5.25
2209 0 0.75 5.5
2210 0 0.75 5.75
2211 0 0.25 4.25
2212 0 0.25 4.5
2213 0 0.25 4.75
2214 0 0.5 4.25
2215 0 0.5 4.5
2216 0 0.5 4.75
2217 0 0.75 4.25
2218 0 0.75 4.5
2219 0 0.75 4.75
2220 0 0.25 3.25
2221 0 0.25 3.5
2222 0 0.25 3.75
2223 0 0.5 3.25
2224 0 0.5 3.5
2225 0 0.5 3.75
2226 0 0.75 3.25
2227 0 0.75 3.5
2228 0 0.75 3.75
2229 0 0.25 2.25
2230 0 0.25 2.5
2231 0 0.25 2.75
2232 0 0.5 2.25
2233 0 0.5 2.5
2234 0 0.5 2.75
2235 0 0.75 2.25
2236 0 0.75 2.5
2237 0 0.75 2.75
2238 0 0.25 1.25
2239 0 0.25 1.5
2240 0 0.25 1.75
2241 0 0.5 1.25
2242 0 0.5 1.5
2243 0 0.5 1.75
2244 0 0.75 1.25
2245 0 0.75 1.5
2246 0 0.75 1.75
2247 0 0.25 0.25
2248 0 0.25 0.5
2249 0 0.25 0.75
2250 0 0.5 0.25
2251 0 0.5 0.5
2252 0 0.5 0.75
2253 0 0.75 0.25
2254 0 0.75 0.5
2255 0 0.75 0.75
2256 0 1.25 6.25
2257 0 1.25 6.5
2258 0 1.25 6.75
2259 0 1.5 6.25
2260 0 1.5 6.5
2261 0 1.5 6.75
2262 0 1.75 6.25
2263 0 1.75 6.5
2264 0 1.75 6.75
2265 0 1.25 5.25
2266 0 1.25 5.5
2267 0 1.25 5.75
2268 0 1.5 5.25
2269 0 1.5 5.5
2270 0 1.5 5.75
2271 0 1.75 5.25
2272 0 1.75 5.5
2273 0 1.75 5.75
2274 0 1.25 4.25
2275 0 1.25 4.5
2276 0 1.25 4.75
2277 0 1.5 4.25
2278 0 1.5 4.5
2279 0 1.5 4.75
2280 0 1.75 4.25
2281 0 1.75 4.5
2282 0 1.75 4.75
2283 0 1.25 3.25
2284 0 1.25 3.5
2285 0 1.25 3.75
2286 0 1.5 3.25
2287 0 1.5 3.5
2288 0 1.5 3.75
2289 0 1.75 3.25
2290 0 1.75 3.5
2291 0 1.75 3.75
2292 0 1.25 2.25
2293 0 1.25 2.5
2294 0 1.25 2.75
2295 0 1.5 2.25
2296 0 1.5 2.5
2297 0 1.5 2.75
2298 0 1.75 2.25
2299 0 1.75 2.5
2300 0 1.75 2.75
2301 0 1.25 1.25
2302 0 1.25 1.5
2303 0 1.25 1.75
2304 0 1.5 1.25
2305 0 1.5 1.5
2306 0 1.5 1.75
2307 0 1.75 1.25
2308 0 1.75 1.5
2309 0 1.75 1.75
2310 0 1.25 0.25
2311 0 1.25 0.5
2312 0 1.25 0.75
2313 0 1.5 0.25
2314 0 1.5 0.5
2315 0 1.5 0.75
2316 0 1.75 0.25
2317 0 1.75 0.5
2318 0 1.75 0.75
2319 0 2.25 6.25
2320 0 2.25 6.5
2321 0 2.25 6.75
2322 0 2.5 6.25
2323 0 2.5 6.5
2324 0 2.5 6.75
2325 0 2.75 6.25
2326 0 2.75 6.5
2327 0 2.75 6.75
2328 0 2.25 5.25
2329 0 2.25 5.5
2330 0 2.25 5.75
2331 0 2.5 5.25
2332 0 2.5 5.5
2333 0 2.5 5.75
2334 0 2.75 5.25
2335 0 2.75 5.5
2336 0 2.75 5.75
2337 0 2.25 4.25
2338 0 2.25 4.5
2339 0 2.25 4.75
2340 0 2.5 4.25
2341 0 2.5 4.5
2342 0 2.5 4.75
2343 0 2.75 4.25
2344 0 2.75 4.5
2345 0 2.75 4.75
2346 0 2.25 3.25
2347 0 2.25 3.5
2348 0 2.25 3.75
2349 0 2.5 3.25
2350 0 2.5 3.5
2351 0 2.5 3.75
2352 0 2.75 3.25
2353 0 2.75 3.5
2354 0 2.75 3.75
2355 0 2.25 2.25
2356 0 2.25 2.5
2357 0 2.25 2.75
2358 0 2.5 2.25
2359 0 2.5 2.5
2360 0 2.5 2.75
2361 0 2.75 2.25
2362 0 2.75 2.5
2363 0 2.75 2.75
2364 0 2.25 1.25
2365 0 2.25 1.5
2366 0 2.25 1.75
2367 0 2.5 1.25
2368 0 2.5 1.5
2369 0 2.5 1.75
2370 0 2.75 1.25
2371 0 2.75 1.5
2372 0 2.75 1.75
2373 0 2.25 0.25
2374 0 2.25 0.5
2375 0 2.25 0.75
2376 0 2.5 0.25
2377 0 2.5 0.5
2378 0 2.5 0.75
2379 0 2.75 0.25
2380 0 2.75 0.5
2381 0 2.75 0.75
2382 0 3.25 6.25
2383 0 3.25 6.5
2384 0 3.25 6.75
2385 0 3.5 6.25
2386 0 3.5 6.5
2387 0 3.5 6.75
2388 0 3.75 6.25
2389 0 3.75 6.5
2390 0 3.75 6.75
2391 0 3.25 5.25
2392 0 3.25 5.5
2393 0 3.25 5.75
2394 0 3.5 5.25
2395 0 3.5 5.5
2396 0 3.5 5.75
2397 0 3.75 5.25
2398 0 3.75 5.5
2399 0 3.75 5.75
2400 0 3.25 4.25
2401 0 3.25 4.5
2402 0 3.25 4.75
2403 0 3.5 4.25
2404 0 3.5 4.5
2405 0 3.5 4.75
2406 0 3.75 4.25
2407 0 3.75 4.5
2408 0 3.75 4.75
2409 0 3.25 3.25
2410 0 3.25 3.5
2411 0 3.25 3.75
2412 0 3.5 3.25
2413 0 3.5 3.5
2414 0 3.5 3.75
2415 0 3.75 3.25
2416 0 3.75 3.5
2417 0 3.75 3.75
2418 0 3.25 2.25
2419 0 3.25 2.5
2420 0 3.25 2.75
2421 0 3.5 2.25
2422 0 3.5 2.5
2423 0 3.5 2.75
2424 0 3.75 2.25
2425 0 3.75 2.5
2426 0 3.75 2.75
2427 0 3.25 1.25
2428 0 3.25 1.5
2429 0 3.25 1.75
2430 0 3.5 1.25
2431 0 3.5 1.5
2432 0 3.5 1.75
2433 0 3.75 1.25
2434 0 3.75 1.5
2435 0 3.75 1.75
2436 0 3.25 0.25
2437 0 3.25 0.5
2438 0 3.25 0.75
2439 0 3.5 0.25
2440 0 3.5 0.5
2441 0 3.5 0.75
2442 0 3.75 0.25
2443 0 3.75 0.5
2444 0 3.75 0.75
2445 0 4.25 6.25
2446 0 4.25 6.5
2447 0 4.25 6.75
2448 0 4.5 6.25
2449 0 4.5 6.5
2450 0 4.5 6.75
2451 0 4.75 6.25
2452 0 4.75 6.5
2453 0 4.75 6.75
2454 0 4.25 5.25
2455 0 4.25 5.5
2456 0 4.25 5.75
2457 0 4.5 5.25
2458 0 4.5 5.5
2459 0 4.5 5.75
2460 0 4.75 5.25
2461 0 4.75 5.5
2462 0 4.75 5.75
2463 0 4.25 4.25
2464 0 4.25 4.5
2465 0 4.25 4.75
2466 0 4.5 4.25
2467 0 4.5 4.5
2468 0 4.5 4.75
2469 0 4.75 4.25
2470 0 4.75 4.5
2471 0 4.75 4.75
2472 0 4.25 3.25
2473 0 4.25 3.5
2474 0 4.25 3.75
2475 0 4.5 3.25
2476 0 4.5 3.5
2477 0 4.5 3.75
2478 0 4.75 3.25
2479 0 4.75 3.5
2480 0 4.75 3.75
2481 0 4.25 2.25
2482 0 4.25 2.5
2483 0 4.25 2.75
2484 0 4.5 2.25
2485 0 4.5 2.5
2486 0 4.5 2.75
2487 0 4.75 2.25
2488 0 4.75 2.5
2489 0 4.75 2.75
2490 0 4.25 1.25
2491 0 4.25 1.5
2492 0 4.25 1.75
2493 0 4.5 1.25
2494 0 4.5 1.5
2495 0 4.5 1.75
2496 0 4.75 1.25
2497 0 4.75 1.5
2498 0 4.75 1.75
2499 0 4.25 0.25
2500 0 4.25 0.5
2501 0 4.25 0.75
2502 0 4.5 0.25
2503 0 4.5 0.5
2504 0 4.5 0.75
2505 0 4.75 0.25
2506 0 4.75 0.5
2507 0 4.75 0.75
2508 0 5.25 6.25
2509 0 5.25 6.5
2510 0 5.25 6.75
2511 0 5.5 6.25
2512 0 5.5 6.5
2513 0 5.5 6.75
2514 0 5.75 6.25
2515 0 5.75 6.5
2516 0 5.75 6.75
2517 0 5.25 5.25
2518 0 5.25 5.5
2519 0 5.25 5.75
2520 0 5.5 5.25
2521 0 5.5 5.5
2522 0 5.5 5.75
2523 0 5.75 5.25
2524 0 5.75 5.5
2525 0 5.75 5.75
2526 0 5.25 4.25
2527 0 5.25 4.5
2528 0 5.25 4.75
2529 0 5.5 4.25
2530 0 5.5 4.5
2531 0 5.5 4.75
2532 0 5.75 4.25
2533 0 5.75 4.5
2534 0 5.75 4.75
2535 0 5.25 3.25
2536 0 5.25 3.5
2537 0 5.25 3.75
2538 0 5.5 3.25
2539 0 5.5 3.5
2540 0 5.5 3.75
2541 0 5.75 3.25
2542 0 5.75 3.5
2543 0 5.75 3.75
2544 0 5.25 2.25
2545 0 5.25 2.5
2546 0 5.25 2.75
2547 0 5.5 2.25
2548 0 5.5 2.5
2549 0 5.5 2.75
2550 0 5.75 2.25
2551 0 5.75 2.5
2552 0 5.75 2.75
2553 0 5.25 1.25
2554 0 5.25 1.5
2555 0 5.25 1.75
2556 0 5.5 1.25
2557 0 5.5 1.5
2558 0 5.5 1.75
2559 0 5.75 1.25
2560 0 5.75 1.5
2561 0 5.75 1.75
2562 0 5.25 0.25
2563 0 5.25 0.5
2564 0 5.25 0.75
2565 0 5.5 0.25
2566 0 5.5 0.5
2567 0 5.5 0.75
2568 0 5.75 0.25
2569 0 5.75 0.5
2570 0 5.75 0.75
2571 0 6.25 6.25
2572 0 6.25 6.5
2573 0 6.25 6.75
2574 0 6.5 6.25
2575 0 6.5 6.5
2576 0 6.5 6.75
2577 0 6.75 6.25
2578 0 6.75 6.5
2579 0 6.75 6.75
2580 0 6.25 5.25
2581 0 6.25 5.5
2582 0 6.25 5.75
2583 0 6.5 5.25
2584 0 6.5 5.5
2585 0 6.5 5.75
2586 0 6.75 5.25
2587 0 6.75 5.5
2588 0 6.75 5.75
2589 0 6.25 4.25
2590 0 6.25 4.5
2591 0 6.25 4.75
2592 0 6.5 4.25
2593 0 6.5 4.5
2594 0 6.5 4.75
2595 0 6.75 4.25
2596 0 6.75 4.5
2597 0 6.75 4.75
2598 0 6.25 3.25
2599 0 6.25 3.5
2600 0 6.25 3.75
2601 0 6.5 3.25
2602 0 6.5 3.5
2603 0 6.5 3.75
2604 0 6.75 3.25
2605 0 6.75 3.5
2606 0 6.75 3.75
2607 0 6.25 2.25
2608 0 6.25 2.5
2609 0 6.25 2.75
2610 0 6.5 2.25
2611 0 6.5 2.5
2612 0 6.5 2.75
2613 0 6.75 2.25
2614 0 6.75 2.5
2615 0 6.75 2.75
2616 0 6.25 1.25
2617 0 6.25 1.5
2618 0 6.25 1.75
2619 0 6.5 1.25
2620 0 6.5 1.5
2621 0 6.5 1.75
2622 0 6.75 1.25
2623 0 6.75 1.5
2624 0 6.75 1.75
2625 0 6.25 0.25
2626 0 6.25 0.5
2627 0 6.25 0.75
2628 0 6.5 0.25
2629 0 6.5 0.5
2630 0 6.5 0.75
2631 0 6.75 0.25
2632 0 6.75 0.5
2633 0 6.75 0.75
2634 0 7.25 6.25
2635 0 7.25 6.5
2636 0 7.25 6.75
2637 0 7.5 6.25
2638 0 7.5 6.5
2639 0 7.5 6.75
2640 0 7.75 6.25
2641 0 7.75 6.5
2642 0 7.75 6.75
2643 0 7.25 5.25
2644 0 7.25 5.5
2645 0 7.25 5.75
2646 0 7.5 5.25
2647 0 7.5 5.5
2648 0 7.5 5.75
2649 0 7.75 5.25
2650 0 7.75 5.5
2651 0 7.75 5.75
2652 0 7.25 4.25
2653 0 7.25 4.5
2654 0 7.25 4.75
2655 0 7.5 4.25
2656 0 7.5 4.5
2657 0 7.5 4.75
2658 0 7.75 4.25
2659 0 7.75 4.5
2660 0 7.75 4.75
2661 0 7.25 3.25
2662 0 7.25 3.5
2663 0 7.25 3.75
2664 0 7.5 3.25
2665 0 7.5 3.5
2666 0 7.5 3.75
2667 0 7.75 3.25
2668 0 7.75 3.5
2669 0 7.75 3.75
2670 0 7.25 2.25
2671 0 7.25 2.5
2672 0 7.25 2.75
2673 0 7.5 2.25
2674 0 7.5 2.5
2675 0 7.5 2.75
2676 0 7.75 2.25
2677 0 7.75 2.5
2678 0 7.75 2.75
2679 0 7.25 1.25
2680 0 7.25 1.5
2681 0 7.25 1.75
2682 0 7.5 1.25
2683 0 7.5 1.5
2684 0 7.5 1.75
2685 0 7.75 1.25
2686 0 7.75 1.5
2687 0 7.75 1.75
2688 0 7.25 0.25
2689 0 7.25 0.5
2690 0 7.25 0.75
2691 0 7.5 0.25
2692 0 7.5 0.5
2693 0 7.5 0.75
2694 0 7.75 0.25
2695 0 7.75 0.5
2696 0 7.75 0.75
2697 0 8.25 6.25
2698 0 8.25 6.5
2699 0 8.25 6.75
2700 0 8.5 6.25
2701 0 8.5 6.5
2702 0 8.5 6.75
2703 0 8.75 6.25
2704 0 8.75 6.5
2705 0 8.75 6.75
2706 0 8.25 5.25
2707 0 8.25 5.5
2708 0 8.25 5.75
2709 0 8.5 5.25
2710 0 8.5 5.5
2711 0 8.5 5.75
2712 0 8.75 5.25
2713 0 8.75 5.5
2714 0 8.75 5.75
2715 0 8.25 4.25
2716 0 8.25 4.5
2717 0 8.25 4.75
2718 0 8.5 4.25
2719 0 8.5 4.5
2720 0 8.5 4.75
2721 0 8.75 4.25
2722 0 8.75 4.5
2723 0 8.75 4.75
2724 0 8.25 3.25
2725 0 8.25 3.5
2726 0 8.25 3.75
2727 0 8.5 3.25
2728 0 8.5 3.5
2729 0 8.5 3.75
2730 0 8.75 3.25
2731 0 8.75 3.5
2732 0 8.75 3.75
2733 0 8.25 2.25
2734 0 8.25 2.5
2735 0 8.25 2.75
2736 0 8.5 2.25
2737 0 8.5 2.5
2738 0 8.5 2.75
2739 0 8.75 2.25
2740 0 8.75 2.5
2741 0 8.75 2.75
2742 0 8.25 1.25
2743 0 8.25 1.5
2744 0 8.25 1.75
2745 0 8.5 1.25
2746 0 8.5 1.5
2747 0 8.5 1.75
2748 0 8.75 1.25
2749 0 8.75 1.5
2750 0 8.75 1.75
2751 0 8.25 0.25
2752 0 8.25 0.5
2753 0 8.25 0.75
2754 0 8.5 0.25
2755 0 8.5 0.5
2756 0 8.5 0.75
2757 0 8.75 0.25
2758 0 8.75 0.5
2759 0 8.75 0.75
2760 0 9.25 6.25
2761 0 9.25 6.5
2762 0 9.25 6.75
2763 0 9.5 6.25
2764 0 9.5 6.5
2765 0 9.5 6.75
2766 0 9.75 6.25
2767 0 9.75 6.5
2768 0 9.75 6.75
2769 0 9.25 5.25
2770 0 9.25 5.5
2771 0 9.25 5.75
2772 0 9.5 5.25
2773 0 9.5 5.5
2774 0 9.5 5.75
2775 0 9.75 5.25
2776 0 9.75 5.5
2777 0 9.75 5.75
2778 0 9.25 4.25
2779 0 9.25 4.5
2780 0 9.25 4.75
2781 0 9.5 4.25
2782 0 9.5 4.5
2783 0 9.5 4.75
2784 0 9.75 4.25
2785 0 9.75 4.5
2786 0 9.75 4.75
2787 0 9.25 3.25
2788 0 9.25 3.5
2789 0 9.25 3.75
2790 0 9.5 3.25
2791 0 9.5 3.5
2792 0 9.5 3.75
2793 0 9.75 3.25
2794 0 9.75 3.5
2795 0 9.75 3.75
2796 0 9.25 2.25
2797 0 9.25 2.5
2798 0 9.25 2.75
2799 0 9.5 2.25
2800 0 9.5 2.5
2801 0 9.5 2.75
2802 0 9.75 2.25
2803 0 9.75 2.5
2804 0 9.75 2.75
2805 0 9.25 1.25
2806 0 9.25 1.5
2807 0 9.25 1.75
2808 0 9.5 1.25
2809 0 9.5 1.5
2810 0 9.5 1.75
2811 0 9.75 1.25
2812 0 9.75 1.5
2813 0 9.75 1.75
2814 0 9.25 0.25
2815 0 9.25 0.5
2816 0 9.25 0.75
2817 0 9.5 0.25
2818 0 9.5 0.5
2819 0 9.5 0.75
2820 0 9.75 0.25
2821 0 9.75 0.5
2822 0 9.75 0.75
2823 0 10.25 6.25
2824 0 10.25 6.5
2825 0 10.25 6.75
2826 0 10.5 6.25
2827 0 10.5 6.5
2828 0 10.5 6.75
2829 0 10.75 6.25
2830 0 10.75 6.5
2831 0 10.75 6.75
2832 0 10.25 5.25
2833 0 10.25 5.5
2834 0 10.25 5.75
2835 0 10.5 5.25
2836 0 10.5 5.5
2837 0 10.5 5.75
2838 0 10.75 5.25
2839 0 10.75 5.5
2840 0 10.75 5.75
2841 0 10.25 4.25
2842 0 10.25 4.5
2843 0 10.25 4.75
2844 0 10.5 4.25
2845 0 10.5 4.5
2846 0 10.5 4.75
2847 0 10.75 4.25
2848 0 10.75 4.5
2849 0 10.75 4.75
2850 0 10.25 3.25
2851 0 10.25 3.5
2852 0 10.25 3.75
2853 0 10.5 3.25
2854 0 10.5 3.5
2855 0 10.5 3.75
2856 0 10.75 3.25
2857 0 10.75 3.5
2858 0 10.75 3.75
2859 0 10.25 2.25
2860 0 10.25 2.5
2861 0 10.25 2.75
2862 0 10.5 2.25
2863 0 10.5 2.5
2864 0 10.5 2.75
2865 0 10.75 2.25
2866 0 10.75 2.5
2867 0 10.75 2.75
2868 0 10.25 1.25
2869 0 10.25 1.5
2870 0 10.25 1.75
2871 0 10.5 1.25
2872 0 10.5 1.5
2873 0 10.5 1.75
2874 0 10.75 1.25
2875 0 10.75 1.5
2876 0 10.75 1.75
2877 0 10.25 0.25
2878 0 10.25 0.5
2879 0 10.25 0.75
2880 0 10.5 0.25
2881 0 10.5 0.5
2882 0 10.5 0.75
2883 0 10.75 0.25
2884 0 10.75 0.5
2885 0 10.75 0.75
2886 0 11.25 6.25
2887 0 11.25 6.5
2888 0 11.25 6.75
2889 0 11.5 6.25
2890 0 11.5 6.5
2891 0 11.5 6.75
2892 0 11.75 6.25
2893 0 11.75 6.5
2894 0 11.75 6.75
2895 0 11.25 5.25
2896 0 11.25 5.5
2897 0 11.25 5.75
2898 0 11.5 5.25
2899 0 11.5 5.5
2900 0 11.5 5.75
2901 0 11.75 5.25
2902 0 11.75 5.5
2903 0 11.75 5.75
2904 0 11.25 4.25
2905 0 11.25 4.5
2906 0 11.25 4.75
2907 0 11.5 4.25
2908 0 11.5 4.5
2909 0 11.5 4.75
2910 0 11.75 4.25
2911 0 11.75 4.5
2912 0 11.75 4.75
2913 0 11.25 3.25
2914 0 11.25 3.5
2915 0 11.25 3.75
2916 0 11.5 3.25
2917 0 11.5 3.5
2918 0 11.5 3.75
2919 0 11.75 3.25
2920 0 11.75 3.5
2921 0 11.75 3.75
2922 0 11.25 2.25
2923 0 11.25 2.5
2924 0 11.25 2.75
2925 0 11.5 2.25
2926 0 11.5 2.5
2927 0 11.5 2.75
2928 0 11.75 2.25
2929 0 11.75 2.5
2930 0 11.75 2.75
2931 0 11.25 1.25
2932 0 11.25 1.5
2933 0 11.25 1.75
2934 0 11.5 1.25
2935 0 11.5 1.5
2936 0 11.5 1.75
2937 0 11.75 1.25
2938 0 11.75 1.5
2939 0 11.75 1.75
2940 0 11.25 0.25
2941 0 11.25 0.5
2942 0 11.25 0.75
2943 0 11.5 0.25
2944 0 11.5 0.5
2945 0 11.5 0.75
2946 0 11.75 0.25
2947 0 11.75 0.5
2948 0 11.75 0.75
2949 0 12.25 6.25
2950 0 12.25 6.5
2951 0 12.25 6.75
2952 0 12.5 6.25
2953 0 12.5 6.5
2954 0 12.5 6.75
2955 0 12.75 6.25
2956 0 12.75 6.5
2957 0 12.75 6.75
2958 0 12.25 5.25
2959 0 12.25 5.5
2960 0 12.25 5.75
2961 0 12.5 5.25
2962 0 12.5 5.5
2963 0 12.5 5.75
2964 0 12.75 5.25
2965 0 12.75 5.5
2966 0 12.75 5.75
2967 0 12.25 4.25
2968 0 12.25 4.5
2969 0 12.25 4.75
2970 0 12.5 4.25
2971 0 12.5 4.5
2972 0 12.5 4.75
2973 0 12.75 4.25
2974 0 12.75 4.5
2975 0 12.75 4.75
2976 0 12.25 3.25
2977 0 12.25 3.5
2978 0 12.25 3.75
2979 0 12.5 3.25
2980 0 12.5 3.5
2981 0 12.5 3.75
2982 0 12.75 3.25
2983 0 12.75 3.5
2984 0 12.75 3.75
2985 0 12.25 2.25
2986 0 12.25 2.5
2987 0 12.25 2.75
2988 0 12.5 2.25
2989 0 12.5 2.5
2990 0 12.5 2.75
2991 0 12.75 2.25
2992 0 12.75 2.5
2993 0 12.75 2.75
2994 0 12.25 1.25
2995 0 12.25 1.5
2996 0 12.25 1.75
2997 0 12.5 1.25
2998 0 12.5 1.5
2999 0 12.5 1.75
3000 0 12.75 1.25
3001 0 12.75 1.5
3002 0 12.75 1.75
3003 0 12.25 0.25
3004 0 12.25 0.5
3005 0 12.25 0.75
3006 0 12.5 0.25
3007 0 12.5 0.5
3008 0 12.5 0.75
3009 0 12.75 0.25
3010 0 12.75 0.5
3011 0 12.75 0.75
3012 0 13.25 6.25
3013 0 13.25 6.5
3014 0 13.25 6.75
3015 0 13.5 6.25
3016 0 13.5 6.5
3017 0 13.5 6.75
3018 0 13.75 6.25
3019 0 13.75 6.5
3020 0 13.75 6.75
3021 0 13.25 5.25
3022 0 13.25 5.5
3023 0 13.25 5.75
3024 0 13.5 5.25
3025 0 13.5 5.5
3026 0 13.5 5.75
3027 0 13.75 5.25
3028 0 13.75 5.5
3029 0 13.75 5.75
3030 0 13.25 4.25
3031 0 13.25 4.5
3032 0 13.25 4.75
3033 0 13.5 4.25
3034 0 13.5 4.5
3035 0 13.5 4.75
3036 0 13.75 4.25
3037 0 13.75 4.5
3038 0 13.75 4.75
3039 0 13.25 3.25
3040 0 13.25 3.5
3041 0 13.25 3.75
3042 0 13.5 3.25
3043 0 13.5 3.5
3044 0 13.5 3.75
3045 0 13.75 3.25
3046 0 13.75 3.5
3047 0 13.75 3.75
3048 0 13.25 2.25
3049 0 13.25 2.5
3050 0 13.25 2.75
3051 0 13.5 2.25
3052 0 13.5 2.5
3053 0 13.5 2.75
3054 0 13.75 2.25
3055 0 13.75 2.5
3056 0 13.75 2.75
3057 0 13.25 1.25
3058 0 13.25 1.5
3059 0 13.25 1.75
3060 0 13.5 1.25
3061 0 13.5 1.5
3062 0 13.5 1.75
3063 0 13.75 1.25
3064 0 13.75 1.5
3065 0 13.75 1.75
3066 0 13.25 0.25
3067 0 13.25 0.5
3068 0 13.25 0.75
3069 0 13.5 0.25
3070 0 13.5 0.5
3071 0 13.5 0.75
3072 0 13.75 0.25
3073 0 13.75 0.5
3074 0 13.75 0.75
3075 0 14.25 6.25
3076 0 14.25 6.5
3077 0 14.25 6.75
3078 0 14.5 6.25
3079 0 14.5 6.5
3080 0 14.5 6.75
3081 0 14.75 6.25
3082 0 14.75 6.5
3083 0 14.75 6.75
3084 0 14.25 5.25
3085 0 14.25 5.5
3086 0 14.25 5.75
3087 0 14.5 5.25
3088 0 14.5 5.5
3089 0 14.5 5.75
3090 0 14.75 5.25
3091 0 14.75 5.5
3092 0 14.75 5.75
3093 0 14.25 4.25
3094 0 14.25 4.5
3095 0 14.25 4.75
3096 0 14.5 4.25
3097 0 14.5 4.5
3098 0 14.5 4.75
3099 0 14.75 4.25
3100 0 14.75 4.5
3101 0 14.75 4.75
3102 0 14.25 3.25
3103 0 14.25 3.5
3104 0 14.25 3.75
3105 0 14.5 3.25
3106 0 14.5 3.5
3107 0 14.5 3.75
3108 0 14.75 3.25
3109 0 14.75 3.5
3110 0 14.75 3.75
3111 0 14.25 2.25
3112 0 14.25 2.5
3113 0 14.25 2.75
3114 0 14.5 2.25
3115 0 14.5 2.5
3116 0 14.5 2.75
3117 0 14.75 2.25
3118 0 14.75 2.5
3119 0 14.75 2.75
3120 0 14.25 1.25
3121 0 14.25 1.5
3122 0 14.25 1.75
3123 0 14.5 1.25
3124 0 14.5 1.5
3125 0 14.5 1.75
3126 0 14.75 1.25
3127 0 14.75 1.5
3128 0 14.75 1.75
3129 0 14.25 0.25
3130 0 14.25 0.5
3131 0 14.25 0.75
3132 0 14.5 0.25
3133 0 14.5 0.5
3134 0 14.5 0.75
3135 0 14.75 0.25
3136 0 14.75 0.5
3137 0 14.75 0.75
3138 0 15.25 6.25
3139 0 15.25 6.5
3140 0 15.25 6.75
3141 0 15.5 6.25
3142 0 15.5 6.5
3143 0 15.5 6.75
3144 0 15.75 6.25
3145 0 15.75 6.5
3146 0 15.75 6.75
3147 0 15.25 5.25
3148 0 15.25 5.5
3149 0 15.25 5.75
3150 0 15.5 5.25
3151 0 15.5 5.5
3152 0 15.5 5.75
3153 0 15.75 5.25
3154 0 15.75 5.5
3155 0 15.75 5.75
3156 0 15.25 4.25
3157 0 15.25 4.5
3158 0 15.25 4.75
3159 0 15.5 4.25
3160 0 15.5 4.5
3161 0 15.5 4.75
3162 0 15.75 4.25
3163 0 15.75 4.5
3164 0 15.75 4.75
3165 0 15.25 3.25
3166 0 15.25 3.5
3167 0 15.25 3.75
3168 0 15.5 3.25
3169 0 15.5 3.5
3170 0 15.5 3.75
3171 0 15.75 3.25
3172 0 15.75 3.5
3173 0 15.75 3.75
3174 0 15.25 2.25
3175 0 15.25 2.5
3176 0 15.25 2.75
3177 0 15.5 2.25
3178 0 15.5 2.5
3179 0 15.5 2.75
3180 0 15.75 2.25
3181 0 15.75 2.5
3182 0 15.75 2.75
3183 0 15.25 1.25
3184 0 15.25 1.5
3185 0 15.25 1.75
3186 0 15.5 1.25
3187 0 15.5 1.5
3188 0 15.5 1.75
3189 0 15.75 1.25
3190 0 15.75 1.5
3191 0 15.75 1.75
3192 0 15.25 0.25
3193 0 15.25 0.5
3194 0 15.25 0.75
3195 0 15.5 0.25
3196 0 15.5 0.5
3197 0 15.5 0.75
3198 0 15.75 0.25
3199 0 15.75 0.5
3200 0 15.75 0.75
3201 0 16.25 6.25
3202 0 16.25 6.5
3203 0 16.25 6.75
3204 0 16.5 6.25
3205 0 16.5 6.5
3206 0 16.5 6.75
3207 0 16.75 6.25
3208 0 16.75 6.5
3209 0 16.75 6.75
3210 0 16.25 5.25
3211 0 16.25 5.5
3212 0 16.25 5.75
3213 0 16.5 5.25
3214 0 16.5 5.5
3215 0 16.5 5.75
3216 0 16.75 5.25
3217 0 16.75 5.5
3218 0 16.75 5.75
3219 0 16.25 4.25
3220 0 16.25 4.5
3221 0 16.25 4.75
3222 0 16.5 4.25
3223 0 16.5 4.5
3224 0 16.5 4.75
3225 0 16.75 4.25
3226 0 16.75 4.5
3227 0 16.75 4.75
3228 0 16.25 3.25
3229 0 16.25 3.5
3230 0 16.25 3.75
3231 0 16.5 3.25
3232 0 16.5 3.5
3233 0 16.5 3.75
3234 0 16.75 3.25
3235 0 16.75 3.5
3236 0 16.75 3.75
3237 0 16.25 2.25
3238 0 16.25 2.5
3239 0 16.25 2.75
3240 0 16.5 2.25
3241 0 16.5 2.5
3242 0 16.5 2.75
3243 0 16.75 2.25
3244 0 16.75 2.5
3245 0 16.75 2.75
3246 0 16.25 1.25
3247 0 16.25 1.5
3248 0 16.25 1.75
3249 0 16.5 1.25
3250 0 16.5 1.5
3251 0 16.5 1.75
3252 0 16.75 1.25
3253 0 16.75 1.5
3254 0 16.75 1.75
3255 0 16.25 0.25
3256 0 16.25 0.5
3257 0 16.25 0.75
3258 0 16.5 0.25
3259 0 16.5 0.5
3260 0 16.5 0.75
3261 0 16.75 0.25
3262 0 16.75 0.5
3263 0 16.75 0.75
3264 0 17.25 6.25
3265 0 17.25 6.5
3266 0 17.25 6.75
3267 0 17.5 6.25
3268 0 17.5 6.5
3269 0 17.5 6.75
3270 0 17.75 6.25
3271 0 17.75 6.5
3272 0 17.75 6.75
3273 0 17.25 5.25
3274 0 17.25 5.5
3275 0 17.25 5.75
3276 0 17.5 5.25
3277 0 17.5 5.5
3278 0 17.5 5.75
3279 0 17.75 5.25
3280 0 17.75 5.5
3281 0 17.75 5.75
3282 0 17.25 4.25
3283 0 17.25 4.5
3284 0 17.25 4.75
3285 0 17.5 4.25
3286 0 17.5 4.5
3287 0 17.5 4.75
3288 0 17.75 4.25
3289 0 17.75 4.5
3290 0 17.75 4.75
3291 0 17.25 3.25
3292 0 17.25 3.5
3293 0 17.25 3.75
3294 0 17.5 3.25
3295 0 17.5 3.5
3296 0 17.5 3.75
3297 0 17.75 3.25
3298 0 17.75 3.5
3299 0 17.75 3.75
3300 0 17.25 2.25
3301 0 17.25 2.5
3302 0 17.25 2.75
3303 0 17.5 2.25
3304 0 17.5 2.5
3305 0 17.5 2.75
3306 0 17.75 2.25
3307 0 17.75 2.5
3308 0 17.75 2.75
3309 0 17.25 1.25
3310 0 17.25 1.5
3311 0 17.25 1.75
3312 0 17.5 1.25
3313 0 17.5 1.5
3314 0 17.5 1.75
3315 0 17.75 1.25
3316 0 17.75 1.5
3317 0 17.75 1.75
3318 0 17.25 0.25
3319 0 17.25 0.5
3320 0 17.25 0.75
3321 0 17.5 0.25
3322 0 17.5 0.5
3323 0 17.5 0.75
3324 0 17.75 0.25
3325 0 17.75 0.5
3326 0 17.75 0.75
3327 0 18.25 6.25
3328 0 18.25 6.5
3329 0 18.25 6.75
3330 0 18.5 6.25
3331 0 18.5 6.5
3332 0 18.5 6.75
3333 0 18.75 6.25
3334 0 18.75 6.5
3335 0 18.75 6.75
3336 0 18.25 5.25
3337 0 18.25 5.5
3338 0 18.25 5.75
3339 0 18.5 5.25
3340 0 18.5 5.5
3341 0 18.5 5.75
3342 0 18.75 5.25
3343 0 18.75 5.5
3344 0 18.75 5.75
3345 0 18.25 4.25
3346 0 18.25 4.5
3347 0 18.25 4.75
3348 0 18.5 4.25
3349 0 18.5 4.5
3350 0 18.5 4.75
3351 0 18.75 4.25
3352 0 18.75 4.5
3353 0 18.75 4.75
3354 0 18.25 3.25
3355 0 18.25 3.5
3356 0 18.25 3.75
3357 0 18.5 3.25
3358 0 18.5 3.5
3359 0 18.5 3.75
3360 0 18.75 3.25
3361 0 18.75 3.5
3362 0 18.75 3.75
3363 0 18.25 2.25
3364 0 18.25 2.5
3365 0 18.25 2.75
3366 0 18.5 2.25
3367 0 18.5 2.5
3368 0 18.5 2.75
3369 0 18.75 2.25
3370 0 18.75 2.5
3371 0 18.75 2.75
3372 0 18.25 1.25
3373 0 18.25 1.5
3374 0 18.25 1.75
3375 0 18.5 1.25
3376 0 18.5 1.5
3377 0 18.5 1.75
3378 0 18.75 1.25
3379 0 18.75 1.5
3380 0 18.75 1.75
3381 0 18.25 0.25
3382 0 18.25 0.5
3383 0 18.25 0.75
3384 0 18.5 0.25
3385 0 18.5 0.5
3386 0 18.5 0.75
3387 0 18.75 0.25
3388 0 18.75 0.5
3389 0 18.75 0.75
3390 0 19.25 6.25
3391 0 19.25 6.5
3392 0 19.25 6.75
3393 0 19.5 6.25
3394 0 19.5 6.5
3395 0 19.5 6.75
3396 0 19.75 6.25
3397 0 19.75 6.5
3398 0 19.75 6.75
3399 0 19.25 5.25
3400 0 19.25 5.5
3401 0 19.25 5.75
3402 0 19.5 5.25
3403 0 19.5 5.5
3404 0 19.5 5.75
3405 0 19.75 5.25
3406 0 19.75 5.5
3407 0 19.75 5.75
3408 0 19.25 4.25
3409 0 19.25 4.5
3410 0 19.25 4.75
3411 0 19.5 4.25
3412 0 19.5 4.5
3413 0 19.5 4.75
3414 0 19.75 4.25
3415 0 19.75 4.5
3416 0 19.75 4.75
3417 0 19.25 3.25
3418 0 19.25 3.5
3419 0 19.25 3.75
3420 0 19.5 3.25
3421 0 19.5 3.5
3422 0 19.5 3.75
3423 0 19.75 3.25
3424 0 19.75 3.5
3425 0 19.75 3.75
3426 0 19.25 2.25
3427 0 19.25 2.5
3428 0 19.25 2.75
3429 0 19.5 2.25
3430 0 19.5 2.5
3431 0 19.5 2.75
3432 0 19.75 2.25
3433 0 19.75 2.5
3434 0 19.75 2.75
3435 0 19.25 1.25
3436 0 19.25 1.5
3437 0 19.25 1.75
3438 0 19.5 1.25
3439 0 19.5 1.5
3440 0 19.5 1.75
3441 0 19.75 1.25
3442 0 19.75 1.5
3443 0 19.75 1.75
3444 0 19.25 0.25
3445 0 19.25 0.5
3446 0 19.25 0.75
3447 0 19.5 0.25
3448 0 19.5 0.5
3449 0 19.5 0.75
3450 0 19.75 0.25
3451 0 19.75 0.5
3452 0 19.75 0.75
3453 0 20.25 6.25
3454 0 20.25 6.5
3455 0 20.25 6.75
3456 0 20.5 6.25
3457 0 20.5 6.5
3458 0 20.5 6.75
3459 0 20.75 6.25
3460 0 20.75 6.5
3461 0 20.75 6.75
3462 0 20.25 5.25
3463 0 20.25 5.5
3464 0 20.25 5.75
3465 0 20.5 5.25
3466 0 20.5 5.5
3467 0 20.5 5.75
3468 0 20.75 5.25
3469 0 20.75 5.5
3470 0 20.75 5.75
3471 0 20.25 4.25
3472 0 20.25 4.5
3473 0 20.25 4.75
3474 0 20.5 4.25
3475 0 20.5 4.5
3476 0 20.5 4.75
3477 0 20.75 4.25
3478 0 20.75 4.5
3479 0 20.75 4.75
3480 0 20.25 3.25
3481 0 20.25 3.5
3482 0 20.25 3.75
3483 0 20.5 3.25
3484 0 20.5 3.5
3485 0 20.5 3.75
3486 0 20.75 3.25
3487 0 20.75 3.5
3488 0 20.75 3.75
3489 0 20.25 2.25
3490 0 20.25 2.5
3491 0 20.25 2.75
3492 0 20.5 2.25
3493 0 20.5 2.5
3494 0 20.5 2.75
3495 0 20.75 2.25
3496 0 20.75 2.5
3497 0 20.75 2.75
3498 0 20.25 1.25
3499 0 20.25 1.5
3500 0 20.25 1.75
3501 0 20.5 1.25
3502 0 20.5 1.5
3503 0 20.5 1.75
3504 0 20.75 1.25
3505 0 20.75 1.5
3506 0 20.75 1.75
3507 0 20.25 0.25
3508 0 20.25 0.5
3509 0 20.25 0.75
3510 0 20.5 0.25
3511 0 20.5 0.5
3512 0 20.5 0.75
3513 0 20.75 0.25
3514 0 20.75 0.5
3515 0 20.75 0.75
3516 0 21.25 6.25
3517 0 21.25 6.5
3518 0 21.25 6.75
3519 0 21.5 6.25
3520 0 21.5 6.5
3521 0 21.5 6.75
3522 0 21.75 6.25
3523 0 21.75 6.5
3524 0 21.75 6.75
3525 0 21.25 5.25
3526 0 21.25 5.5
3527 0 21.25 5.75
3528 0 21.5 5.25
3529 0 21.5 5.5
3530 0 21.5 5.75
3531 0 21.75 5.25
3532 0 21.75 5.5
3533 0 21.75 5.75
3534 0 21.25 4.25
3535 0 21.25 4.5
3536 0 21.25 4.75
3537 0 21.5 4.25
3538 0 21.5 4.5
3539 0 21.5 4.75
3540 0 21.75 4.25
3541 0 21.75 4.5
3542 0 21.75 4.75
3543 0 21.25 3.25
3544 0 21.25 3.5
3545 0 21.25 3.75
3546 0 21.5 3.25
3547 0 21.5 3.5
3548 0 21.5 3.75
3549 0 21.75 3.25
3550 0 21.75 3.5
3551 0 21.75 3.75
3552 0 21.25 2.25
3553 0 21.25 2.5
3554 0 21.25 2.75
3555 0 21.5 2.25
3556 0 21.5 2.5
3557 0 21.5 2.75
3558 0 21.75 2.25
3559 0 21.75 2.5
3560 0 21.75 2.75
3561 0 21.25 1.25
3562 0 21.25 1.5
3563 0 21.25 1.75
3564 0 21.5 1.25
3565 0 21.5 1.5
3566 0 21.5 1.75
3567 0 21.75 1.25
3568 0 21.75 1.5
3569 0 21.75 1.75
3570 0 21.25 0.25
3571 0 21.25 0.5
3572 0 21.25 0.75
3573 0 21.5 0.25
3574 0 21.5 0.5
3575 0 21.5 0.75
3576 0 21.75 0.25
3577 0 21.75 0.5
3578 0 21.75 0.75
3579 0 22.25 6.25
3580 0 22.25 6.5
3581 0 22.25 6.75
3582 0 22.5 6.25
3583 0 22.5 6.5
3584 0 22.5 6.75
3585 0 22.75 6.25
3586 0 22.75 6.5
3587 0 22.75 6.75
3588 0 22.25 5.25
3589 0 22.25 5.5
3590 0 22.25 5.75
3591 0 22.5 5.25
3592 0 22.5 5.5
3593 0 22.5 5.75
3594 0 22.75 5.25
3595 0 22.75 5.5
3596 0 22.75 5.75
3597 0 22.25 4.25
3598 0 22.25 4.5
3599 0 22.25 4.75
3600 0 22.5 4.25
3601 0 22.5 4.5
3602 0 22.5 4.75
3603 0 22.75 4.25
3604 0 22.75 4.5
3605 0 22.75 4.75
3606 0 22.25 3.25
3607 0 22.25 3.5
3608 0 22.25 3.75
3609 0 22.5 3.25
3610 0 22.5 3.5
3611 0 22.5 3.75
3612 0 22.75 3.25
3613 0 22.75 3.5
3614 0 22.75 3.75
3615 0 22.25 2.25
3616 0 22.25 2.5
3617 0 22.25 2.75
3618 0 22.5 2.25
3619 0 22.5 2.5
3620 0 22.5 2.75
3621 0 22.75 2.25
3622 0 22.75 2.5
3623 0 22.75 2.75
3624 0 22.25 1.25
3625 0 22.25 1.5
3626 0 22.25 1.75
3627 0 22.5 1.25
3628 0 22.5 1.5
3629 0 22.5 1.75
3630 0 22.75 1.25
3631 0 22.75 1.5
3632 0 22.75 1.75
3633 0 22.25 0.25
3634 0 22.25 0.5
3635 0 22.25 0.75
3636 0 22.5 0.25
3637 0 22.5 0.5
3638 0 22.5 0.75
3639 0 22.75 0.25
3640 0 22.75 0.5
3641 0 22.75 0.75
3642 0 23.25 6.25
3643 0 23.25 6.5
3644 0 23.25 6.75
3645 0 23.5 6.25
3646 0 23.5 6.5
3647 0 23.5 6.75
3648 0 23.75 6.25
3649 0 23.75 6.5
3650 0 23.75 6.75
3651 0 23.25 5.25
3652 0 23.25 5.5
3653 0 23.25 5.75
3654 0 23.5 5.25
3655 0 23.5 5.5
3656 0 23.5 5.75
3657 0 23.75 5.25
3658 0 23.75 5.5
3659 0 23.75 5.75
3660 0 23.25 4.25
3661 0 23.25 4.5
3662 0 23.25 4.75
3663 0 23.5 4.25
3664 0 23.5 4.5
3665 0 23.5 4.75
3666 0 23.75 4.25
3667 0 23.75 4.5
3668 0 23.75 4.75
3669 0 23.25 3.25
3670 0 23.25 3.5
3671 0 23.25 3.75
3672 0 23.5 3.25
3673 0 23.5 3.5
3674 0 23.5 3.75
3675 0 23.75 3.25
3676 0 23.75 3.5
3677 0 23.75 3.75
3678 0 23.25 2.25
3679 0 23.25 2.5
3680 0 23.25 2.75
3681 0 23.5 2.25
3682 0 23.5 2.5
3683 0 23.5 2.75
3684 0 23.75 2.25
3685 0 23.75 2.5
3686 0 23.75 2.75
3687 0 23.25 1.25
3688 0 23.25 1.5
3689 0 23.25 1.75
3690 0 23.5 1.25
3691 0 23.5 1.5
3692 0 23.5 1.75
3693 0 23.75 1.25
3694 0 23.75 1.5
3695 0 23.75 1.75
3696 0 23.25 0.25
3697 0 23.25 0.5
3698 0 23.25 0.75
3699 0 23.5 0.25
3700 0 23.5 0.5
3701 0 23.5 0.75
3702 0 23.75 0.25
3703 0 23.75 0.5
3704 0 23.75 0.75
3705 0 24.25 6.25
3706 0 24.25 6.5
3707 0 24.25 6.75
3708 0 24.5 6.25
3709 0 24.5 6.5
3710 0 24.5 6.75
3711 0 24.75 6.25
3712 0 24.75 6.5
3713 0 24.75 6.75
3714 0 24.25 5.25
3715 0 24.25 5.5
3716 0 24.25 5.75
3717 0 24.5 5.25
3718 0 24.5 5.5
3719 0 24.5 5.75
3720 0 24.75 5.25
3721 0 24.75 5.5
3722 0 24.75 5.75
3723 0 24.25 4.25
3724 0 24.25 4.5
3725 0 24.25 4.75
3726 0 24.5 4.25
3727 0 24.5 4.5
3728 0 24.5 4.75
3729 0 24.75 4.25
3730 0 24.75 4.5
3731 0 24.75 4.75
3732 0 24.25 3.25
3733 0 24.25 3.5
3734 0 24.25 3.75
3735 0 24.5 3.25
3736 0 24.5 3.5
3737 0 24.5 3.75
3738 0 24.75 3.25
3739 0 24.75 3.5
3740 0 24.75 3.75
3741 0 24.25 2.25
3742 0 24.25 2.5
3743 0 24.25 2.75
3744 0 24.5 2.25
3745 0 24.5 2.5
3746 0 24.5 2.75
3747 0 24.75 2.25
3748 0 24.75 2.5
3749 0 24.75 2.75
3750 0 24.25 1.25
3751 0 24.25 1.5
3752 0 24.25 1.75
3753 0 24.5 1.25
3754 0 24.5 1.5
3755 0 24.5 1.75
3756 0 24.75 1.25
3757 0 24.75 1.5
3758 0 24.75 1.75
3759 0 24.25 0.25
3760 0 24.25 0.5
3761 0 24.25 0.75
3762 0 24.5 0.25
3763 0 24.5 0.5
3764 0 24.5 0.75
3765 0 24.75 0.25
3766 0 24.75 0.5
3767 0 24.75 0.75
3768 0 25.25 6.25
3769 0 25.25 6.5
3770 0 25.25 6.75
3771 0 25.5 6.25
3772 0 25.5 6.5
3773 0 25.5 6.75
3774 0 25.75 6.25
3775 0 25.75 6.5
3776 0 25.75 6.75
3777 0 25.25 5.25
3778 0 25.25 5.5
3779 0 25.25 5.75
3780 0 25.5 5.25
3781 0 25.5 5.5
3782 0 25.5 5.75
3783 0 25.75 5.25
3784 0 25.75 5.5
3785 0 25.75 5.75
3786 0 25.25 4.25
3787 0 25.25 4.5
3788 0 25.25 4.75
3789 0 25.5 4.25
3790 0 25.5 4.5
3791 0 25.5 4.75
3792 0 25.75 4.25
3793 0 25.75 4.5
3794 0 25.75 4.75
3795 0 25.25 3.25
3796 0 25.25 3.5
3797 0 25.25 3.75
3798 0 25.5 3.25
3799 0 25.5 3.5
3800 0 25.5 3.75
3801 0 25.75 3.25
3802 0 25.75 3.5
3803 0 25.75 3.75
3804 0 25.25 2.25
3805 0 25.25 2.5
3806 0 25.25 2.75
3807 0 25.5 2.25
3808 0 25.5 2.5
3809 0 25.5 2.75
3810 0 25.75 2.25
3811 0 25.75 2.5
3812 0 25.75 2.75
3813 0 25.25 1.25
3814 0 25.25 1.5
3815 0 25.25 1.75
3816 0 25.5 1.25
3817 0 25.5 1.5
3818 0 25.5 1.75
3819 0 25.75 1.25
3820 0 25.75 1.5
3821 0 25.75 1.75
3822 0 25.25 0.25
3823 0 25.25 0.5
3824 0 25.25 0.75
3825 0 25.5 0.25
3826 0 25.5 0.5
3827 0 25.5 0.75
3828 0 25.75 0.25
3829 0 25.75 0.5
3830 0 25.75 0.75
3831 0 26.25 6.25
3832 0 26.25 6.5
3833 0 26.25 6.75
3834 0 26.5 6.25
3835 0 26.5 6.5
3836 0 26.5 6.75
3837 0 26.75 6.25
3838 0 26.75 6.5
3839 0 26.75 6.75
3840 0 26.25 5.25
3841 0 26.25 5.5
3842 0 26.25 5.75
3843 0 26.5 5.25
3844 0 26.5 5.5
3845 0 26.5 5.75
3846 0 26.75 5.25
3847 0 26.75 5.5
3848 0 26.75 5.75
3849 0 26.25 4.25
3850 0 26.25 4.5
3851 0 26.25 4.75
3852 0 26.5 4.25
3853 0 26.5 4.5
3854 0 26.5 4.75
3855 0 26.75 4.25
3856 0 26.75 4.5
3857 0 26.75 4.75
3858 0 26.25 3.25
3859 0 26.25 3.5
3860 0 26.25 3.75
3861 0 26.5 3.25
3862 0 26.5 3.5
3863 0 26.5 3.75
3864 0 26.75 3.25
3865 0 26.75 3.5
3866 0 26.75 3.75
3867 0 26.25 2.25
3868 0 26.25 2.5
3869 0 26.25 2.75
3870 0 26.5 2.25
3871 0 26.5 2.5
3872 0 26.5 2.75
3873 0 26.75 2.25
3874 0 26.75 2.5
3875 0 26.75 2.75
3876 0 26.25 1.25
3877 0 26.25 1.5
3878 0 26.25 1.75
3879 0 26.5 1.25
3880 0 26.5 1.5
3881 0 26.5 1.75
3882 0 26.75 1.25
3883 0 26.75 1.5
3884 0 26.75 1.75
3885 0 26.25 0.25
3886 0 26.25 0.5
3887 0 26.25 0.75
3888 0 26.5 0.25
3889 0 26.5 0.5
3890 0 26.5 0.75
3891 0 26.75 0.25
3892 0 26.75 0.5
3893 0 26.75 0.75
3894 0 27.25 6.25
3895 0 27.25 6.5
3896 0 27.25 6.75
3897 0 27.5 6.25
3898 0 27.5 6.5
3899 0 27.5 6.75
3900 0 27.75 6.25
3901 0 27.75 6.5
3902 0 27.75 6.75
3903 0 27.25 5.25
3904 0 27.25 5.5
3905 0 27.25 5.75
3906 0 27.5 5.25
3907 0 27.5 5.5
3908 0 27.5 5.75
3909 0 27.75 5.25
3910 0 27.75 5.5
3911 0 27.75 5.75
3912 0 27.25 4.25
3913 0 27.25 4.5
3914 0 27.25 4.75
3915 0 27.5 4.25
3916 0 27.5 4.5
3917 0 27.5 4.75
3918 0 27.75 4.25
3919 0 27.75 4.5
3920 0 27.75 4.75
3921 0 27.25 3.25
3922 0 27.25 3.5
3923 0 27.25 3.75
3924 0 27.5 3.25
3925 0 27.5 3.5
3926 0 27.5 3.75
3927 0 27.75 3.25
3928 0 27.75 3.5
3929 0 27.75 3.75
3930 0 27.25 2.25
3931 0 27.25 2.5
3932 0 27.25 2.75
3933 0 27.5 2.25
3934 0 27.5 2.5
3935 0 27.5 2.75
3936 0 27.75 2.25
3937 0 27.75 2.5
3938 0 27.75 2.75
3939 0 27.25 1.25
3940 0 27.25 1.5
3941 0 27.25 1.75
3942 0 27.5 1.25
3943 0 27.5 1.5
3944 0 27.5 1.75
3945 0 27.75 1.25
3946 0 27.75 1.5
3947 0 27.75 1.75
3948 0 27.25 0.25
3949 0 27.25 0.5
3950 0 27.25 0.75
3951 0 27.5 0.25
3952 0 27.5 0.5
3953 0 27.5 0.75
3954 0 27.75 0.25
3955 0 27.75 0.5
3956 0 27.75 0.75
3957 0 28.25 6.25
3958 0 28.25 6.5
3959 0 28.25 6.75
3960 0 28.5 6.25
3961 0 28.5 6.5
3962 0 28.5 6.75
3963 0 28.75 6.25
3964 0 28.75 6.5
3965 0 28.75 6.75
3966 0 28.25 5.25
3967 0 28.25 5.5
3968 0 28.25 5.75
3969 0 28.5 5.25
3970 0 28.5 5.5
3971 0 28.5 5.75
3972 0 28.75 5.25
3973 0 28.75 5.5
3974 0 28.75 5.75
3975 0 28.25 4.25
3976 0 28.25 4.5
3977 0 28.25 4.75
3978 0 28.5 4.25
3979 0 28.5 4.5
3980 0 28.5 4.75
3981 0 28.75 4.25
3982 0 28.75 4.5
3983 0 28.75 4.75
3984 0 28.25 3.25
3985 0 28.25 3.5
3986 0 28.25 3.75
3987 0 28.5 3.25
3988 0 28.5 3.5
3989 0 28.5 3.75
3990 0 28.75 3.25
3991 0 28.75 3.5
3992 0 28.75 3.75
3993 0 28.25 2.25
3994 0 28.25 2.5
3995 0 28.25 2.75
3996 0 28.5 2.25
3997 0 28.5 2.5
3998 0 28.5 2.75
3999 0 28.75 2.25
4000 0 28.75 2.5
4001 0 28.75 2.75
4002 0 28.25 1.25
4003 0 28.25 1.5
4004 0 28.25 1.75
4005 0 28.5 1.25
4006 0 28.5 1.5
4007 0 28.5 1.75
4008 0 28.75 1.25
4009 0 28.75 1.5
4010 0 28.75 1.75
4011 0 28.25 0.25
4012 0 28.25 0.5
4013 0 28.25 0.75
4014 0 28.5 0.25
4015 0 28.5 0.5
4016 0 28.5 0.75
4017 0 28.75 0.25
4018 0 28.75 0.5
4019 0 28.75 0.75
4020 0 29.25 6.25
4021 0 29.25 6.5
4022 0 29.25 6.75
4023 0 29.5 6.25
4024 0 29.5 6.5
4025 0 29.5 6.75
4026 0 29.75 6.25
4027 0 29.75 6.5
4028 0 29.75 6.75
4029 0 29.25 5.25
4030 0 29.25 5.5
4031 0 29.25 5.75
4032 0 29.5 5.25
4033 0 29.5 5.5
4034 0 29.5 5.75
4035 0 29.75 5.25
4036 0 29.75 5.5
4037 0 29.75 5.75
4038 0 29.25 4.25
4039 0 29.25 4.5
4040 0 29.25 4.75
4041 0 29.5 4.25
4042 0 29.5 4.5
4043 0 29.5 4.75
4044 0 29.75 4.25
4045 0 29.75 4.5
4046 0 29.75 4.75
4047 0 29.25 3.25
4048 0 29.25 3.5
4049 0 29.25 3.75
4050 0 29.5 3.25
4051 0 29.5 3.5
4052 0 29.5 3.75
4053 0 29.75 3.25
4054 0 29.75 3.5
4055 0 29.75 3.75
4056 0 29.25 2.25
4057 0 29.25 2.5
4058 0 29.25 2.75
4059 0 29.5 2.25
4060 0 29.5 2.5
4061 0 29.5 2.75
4062 0 29.75 2.25
4063 0 29.75 2.5
4064 0 29.75 2.75
4065 0 29.25 1.25
4066 0 29.25 1.5
4067 0 29.25 1.75
4068 0 29.5 1.25
4069 0 29.5 1.5
4070 0 29.5 1.75
4071 0 29.75 1.25
4072 0 29.75 1.5
4073 0 29.75 1.75
4074 0 29.25 0.25
4075 0 29.25 0.5
4076 0 29.25 0.75
4077 0 29.5 0.25
4078 0 29.5 0.5
4079 0 29.5 0.75
4080 0 29.75 0.25
4081 0 29.75 0.5
4082 0 29.75 0.75
4083 0 30.25 6.25
4084 0 30.25 6.5
4085 0 30.25 6.75
4086 0 30.5 6.25
4087 0 30.5 6.5
4088 0 30.5 6.75
4089 0 30.75 6.25
4090 0 30.75 6.5
4091 0 30.75 6.75
4092 0 30.25 5.25
4093 0 30.25 5.5
4094 0 30.25 5.75
4095 0 30.5 5.25
4096 0 30.5 5.5
4097 0 30.5 5.75
4098 0 30.75 5.25
4099 0 30.75 5.5
4100 0 30.75 5.75
4101 0 30.25 4.25
4102 0 30.25 4.5
4103 0 30.25 4.75
4104 0 30.5 4.25
4105 0 30.5 4.5
4106 0 30.5 4.75
4107 0 30.75 4.25
4108 0 30.75 4.5
4109 0 30.75 4.75
4110 0 30.25 3.25
4111 0 30.25 3.5
4112 0 30.25 3.75
4113 0 30.5 3.25
4114 0 30.5 3.5
4115 0 30.5 3.75
4116 0 30.75 3.25
4117 0 30.75 3.5
4118 0 30.75 3.75
4119 0 30.25 2.25
4120 0 30.25 2.5
4121 0 30.25 2.75
4122 0 30.5 2.25
4123 0 30.5 2.5
4124 0 30.5 2.75
4125 0 30.75 2.25
4126 0 30.75 2.5
4127 0 30.75 2.75
4128 0 30.25 1.25
4129 0 30.25 1.5
4130 0 30.25 1.75
4131 0 30.5 1.25
4132 0 30.5 1.5
4133 0 30.5 1.75
4134 0 30.75 1.25
4135 0 30.75 1.5
4136 0 30.75 1.75
4137 0 30.25 0.25
4138 0 30.25 0.5
4139 0 30.25 0.75
4140 0 30.5 0.25
4141 0 30.5 0.5
4142 0 30.5 0.75
4143 0 30.75 0.25
4144 0 30.75 0.5
4145 0 30.75 0.75
4146 0 31.25 6.25
4147 0 31.25 6.5
4148 0 31.25 6.75
4149 0 31.5 6.25
4150 0 31.5 6.5
4151 0 31.5 6.75
4152 0 31.75 6.25
4153 0 31.75 6.5
4154 0 31.75 6.75
4155 0 31.25 5.25
4156 0 31.25 5.5
4157 0 31.25 5.75
4158 0 31.5 5.25
4159 0 31.5 5.5
4160 0 31.5 5.75
4161 0 31.75 5.25
4162 0 31.75 5.5
4163 0 31.75 5.75
4164 0 31.25 4.25
4165 0 31.25 4.5
4166 0 31.25 4.75
4167 0 31.5 4.25
4168 0 31.5 4.5
4169 0 31.5 4.75
4170 0 31.75 4.25
4171 0 31.75 4.5
4172 0 31.75 4.75
4173 0 31.25 3.25
4174 0 31.25 3.5
4175 0 31.25 3.75
4176 0 31.5 3.25
4177 0 31.5 3.5
4178 0 31.5 3.75
4179 0 31.75 3.25
4180 0 31.75 3.5
4181 0 31.75 3.75
4182 0 31.25 2.25
4183 0 31.25 2.5
4184 0 31.25 2.75
4185 0 31.5 2.25
4186 0 31.5 2.5
4187 0 31.5 2.75
4188 0 31.75 2.25
4189 0 31.75 2.5
4190 0 31.75 2.75
4191 0 31.25 1.25
4192 0 31.25 1.5
4193 0 31.25 1.75
4194 0 31.5 1.25
4195 0 31.5 1.5
4196 0 31.5 1.75
4197 0 31.75 1.25
4198 0 31.75 1.5
4199 0 31.75 1.75
4200 0 31.25 0.25
4201 0 31.25 0.5
4202 0 31.25 0.75
4203 0 31.5 0.25
4204 0 31.5 0.5
4205 0 31.5 0.75
4206 0 31.75 0.25
4207 0 31.75 0.5
4208 0 31.75 0.75
4209 0 32.25 6.25
4210 0 32.25 6.5
4211 0 32.25 6.75
4212 0 32.5 6.25
4213 0 32.5 6.5
4214 0 32.5 6.75
4215 0 32.75 6.25
4216 0 32.75 6.5
4217 0 32.75 6.75
4218 0 32.25 5.25
4219 0 32.25 5.5
4220 0 32.25 5.75
4221 0 32.5 5.25
4222 0 32.5 5.5
4223 0 32.5 5.75
4224 0 32.75 5.25
4225 0 32.75 5.5
4226 0 32.75 5.75
4227 0 32.25 4.25
4228 0 32.25 4.5
4229 0 32.25 4.75
4230 0 32.5 4.25
4231 0 32.5 4.5
4232 0 32.5 4.75
4233 0 32.75 4.25
4234 0 32.75 4.5
4235 0 32.75 4.75
4236 0 32.25 3.25
4237 0 32.25 3.5
4238 0 32.25 3.75
4239 0 32.5 3.25
4240 0 32.5 3.5
4241 0 32.5 3.75
4242 0 32.75 3.25
4243 0 32.75 3.5
4244 0 32.75 3.75
4245 0 32.25 2.25
4246 0 32.25 2.5
4247 0 32.25 2.75
4248 0 32.5 2.25
4249 0 32.5 2.5
4250 0 32.5 2.75
4251 0 32.75 2.25
4252 0 32.75 2.5
4253 0 32.75 2.75
4254 0 32.25 1.25
4255 0 32.25 1.5
4256 0 32.25 1.75
4257 0 32.5 1.25
4258 0 32.5 1.5
4259 0 32.5 1.75
4260 0 32.75 1.25
4261 0 32.75 1.5
4262 0 32.75 1.75
4263 0 32.25 0.25
4264 0 32.25 0.5
4265 0 32.25 0.75
4266 0 32.5 0.25
4267 0 32.5 0.5
4268 0 32.5 0.75
4269 0 32.75 0.25
4270 0 32.75 0.5
4271 0 32.75 0.75
4272 0 33.25 6.25
4273 0 33.25 6.5
4274 0 33.25 6.75
4275 0 33.5 6.25
4276 0 33.5 6.5
4277 0 33.5 6.75
4278 0 33.75 6.25
4279 0 33.75 6.5
4280 0 33.75 6.75
4281 0 33.25 5.25
4282 0 33.25 5.5
4283 0 33.25 5.75
4284 0 33.5 5.25
4285 0 33.5 5.5
4286 0 33.5 5.75
4287 0 33.75 5.25
4288 0 33.75 5.5
4289 0 33.75 5.75
4290 0 33.25 4.25
4291 0 33.25 4.5
4292 0 33.25 4.75
4293 0 33.5 4.25
4294 0 33.5 4.5
4295 0 33.5 4.75
4296 0 33.75 4.25
4297 0 33.75 4.5
4298 0 33.75 4.75
4299 0 33.25 3.25
4300 0 33.25 3.5
4301 0 33.25 3.75
4302 0 33.5 3.25
4303 0 33.5 3.5
4304 0 33.5 3.75
4305 0 33.75 3.25
4306 0 33.75 3.5
4307 0 33.75 3.75
4308 0 33.25 2.25
4309 0 33.25 2.5
4310 0 33.25 2.75
4311 0 33.5 2.25
4312 0 33.5 2.5
4313 0 33.5 2.75
4314 0 33.75 2.25
4315 0 33.75 2.5
4316 0 33.75 2.75
4317 0 33.25 1.25
4318 0 33.25 1.5
4319 0 33.25 1.75
4320 0 33.5 1.25
4321 0 33.5 1.5
4322 0 33.5 1.75
4323 0 33.75 1.25
4324 0 33.75 1.5
4325 0 33.75 1.75
4326 0 33.25 0.25
4327 0 33.25 0.5
4328 0 33.25 0.75
4329 0 33.5 0.25
4330 0 33.5 0.5
4331 0 33.5 0.75
4332 0 33.75 0.25
4333 0 33.75 0.5
4334 0 33.75 0.75
4335 0 34.25 6.25
4336 0 34.25 6.5
4337 0 34.25 6.75
4338 0 34.5 6.25
4339 0 34.5 6.5
4340 0 34.5 6.75
4341 0 34.75 6.25
4342 0 34.75 6.5
4343 0 34.75 6.75
4344 0 34.25 5.25
4345 0 34.25 5.5
4346 0 34.25 5.75
4347 0 34.5 5.25
4348 0 34.5 5.5
4349 0 34.5 5.75
4350 0 34.75 5.25
4351 0 34.75 5.5
4352 0 34.75 5.75
4353 0 34.25 4.25
4354 0 34.25 4.5
4355 0 34.25 4.75
4356 0 34.5 4.25
4357 0 34.5 4.5
4358 0 34.5 4.75
4359 0 34.75 4.25
4360 0 34.75 4.5
4361 0 34.75 4.75
4362 0 34.25 3.25
4363 0 34.25 3.5
4364 0 34.25 3.75
4365 0 34.5 3.25
4366 0 34.5 3.5
4367 0 34.5 3.75
4368 0 34.75 3.25
4369 0 34.75 3.5
4370 0 34.75 3.75
4371 0 34.25 2.25
4372 0 34.25 2.5
4373 0 34.25 2.75
4374 0 34.5 2.25
4375 0 34.5 2.5
4376 0 34.5 2.75
4377 0 34.75 2.25
4378 0 34.75 2.5
4379 0 34.75 2.75
4380 0 34.25 1.25
4381 0 34.25 1.5
4382 0 34.25 1.75
4383 0 34.5 1.25
4384 0 34.5 1.5
4385 0 34.5 1.75
4386 0 34.75 1.25
4387 0 34.75 1.5
4388 0 34.75 1.75
4389 0 34.25 0.25
4390 0 34.25 0.5
4391 0 34.25 0.75
4392 0 34.5 0.25
4393 0 34.5 0.5
4394 0 34.5 0.75
4395 0 34.75 0.25
4396 0 34.75 0.5
4397 0 34.75 0.75
4398 0 35.25 6.25
4399 0 35.25 6.5
4400 0 35.25 6.75
4401 0 35.5 6.25
4402 0 35.5 6.5
4403 0 35.5 6.75
4404 0 35.75 6.25
4405 0 35.75 6.5
4406 0 35.75 6.75
4407 0 35.25 5.25
4408 0 35.25 5.5
4409 0 35.25 5.75
4410 0 35.5 5.25
4411 0 35.5 5.5
4412 0 35.5 5.75
4413 0 35.75 5.25
4414 0 35.75 5.5
4415 0 35.75 5.75
4416 0 35.25 4.25
4417 0 35.25 4.5
4418 0 35.25 4.75
4419 0 35.5 4.25
4420 0 35.5 4.5
4421 0 35.5 4.75
4422 0 35.75 4.25
4423 0 35.75 4.5
4424 0 35.75 4.75
4425 0 35.25 3.25
4426 0 35.25 3.5
4427 0 35.25 3.75
4428 0 35.5 3.25
4429 0 35.5 3.5
4430 0 35.5 3.75
4431 0 35.75 3.25
4432 0 35.75 3.5
4433 0 35.75 3.75
4434 0 35.25 2.25
4435 0 35.25 2.5
4436 0 35.25 2.75
4437 0 35.5 2.25
4438 0 35.5 2.5
4439 0 35.5 2.75
4440 0 35.75 2.25
4441 0 35.75 2.5
4442 0 35.75 2.75
4443 0 35.25 1.25
4444 0 35.25 1.5
4445 0 35.25 1.75
4446 0 35.5 1.25
4447 0 35.5 1.5
4448 0 35.5 1.75
4449 0 35.75 1.25
4450 0 35.75 1.5
4451 0 35.75 1.75
4452 0 35.25 0.25
4453 0 35.25 0.5
4454 0 35.25 0.75
4455 0 35.5 0.25
4456 0 35.5 0.5
4457 0 35.5 0.75
4458 0 35.75 0.25
4459 0 35.75 0.5
4460 0 35.75 0.75
4461 0 35.25 7.25
4462 0 35.25 7.5
4463 0 35.25 7.75
4464 0 35.5 7.25
4465 0 35.5 7.5
4466 0 35.5 7.75
4467 0 35.75 7.25
4468 0 35.75 7.5
4469 0 35.75 7.75
4470 0 34.25 7.25
4471 0 34.25 7.5
4472 0 34.25 7.75
4473 0 34.5 7.25
4474 0 34.5 7.5
4475 0 34.5 7.75
4476 0 34.75 7.25
4477 0 34.75 7.5
4478 0 34.75 7.75
4479 0 33.25 7.25
4480 0 33.25 7.5
4481 0 33.25 7.75
4482 0 33.5 7.25
4483 0 33.5 7.5
4484 0 33.5 7.75
4485 0 33.75 7.25
4486 0 33.75 7.5
4487 0 33.75 7.75
4488 0 32.25 7.25
4489 0 32.25 7.5
4490 0 32.25 7.75
4491 0 32.5 7.25
4492 0 32.5 7.5
4493 0 32.5 7.75
4494 0 32.75 7.25
4495 0 32.75 7.5
4496 0 32.75 7.75
4497 0 31.25 7.25
4498 0 31.25 7.5
4499 0 31.25 7.75
4500 0 31.5 7.25
4501 0 31.5 7.5
4502 0 31.5 7.75
4503 0 31.75 7.25
4504 0 31.75 7.5
4505 0 31.75 7.75
4506 0 30.25 7.25
4507 0 30.25 7.5
4508 0 30.25 7.75
4509 0 30.5 7.25
4510 0 30.5 7.5
4511 0 30.5 7.75
4512 0 30.75 7.25
4513 0 30.75 7.5
4514 0 30.75 7.75
4515 0 29.25 7.25
4516 0 29.25 7.5
4517 0 29.25 7.75
4518 0 29.5 7.25
4519 0 29.5 7.5
4520 0 29.5 7.75
4521 0 29.75 7.25
4522 0 29.75 7.5
4523 0 29.75 7.75
4524 0 28.25 7.25
4525 0 28.25 7.5
4526 0 28.25 7.75
4527 0 28.5 7.25
4528 0 28.5 7.5
4529 0 28.5 7.75
4530 0 28.75 7.25
4531 0 28.75 7.5
4532 0 28.75 7.75
4533 0 27.25 7.25
4534 0 27.25 7.5
4535 0 27.25 7.75
4536 0 27.5 7.25
4537 0 27.5 7.5
4538 0 27.5 7.75
4539 0 27.75 7.25
4540 0 27.75 7.5
4541 0 27.75 7.75
4542 0 26.25 7.25
4543 0 26.25 7.5
4544 0 26.25 7.75
4545 0 26.5 7.25
4546 0 26.5 7.5
4547 0 26.5 7.75
4548 0 26.75 7.25
4549 0 26.75 7.5
4550 0 26.75 7.75
4551 0 25.25 7.25
4552 0 25.25 7.5
4553 0 25.25 7.75
4554 0 25.5 7.25
4555 0 25.5 7.5
4556 0 25.5 7.75
4557 0 25.75 7.25
4558 0 25.75 7.5
4559 0 25.75 7.75
4560 0 24.25 7.25
4561 0 24.25 7.5
4562 0 24.25 7.75
4563 0 24.5 7.25
4564 0 24.5 7.5
4565 0 24.5 7.75
4566 0 24.75 7.25
4567 0 24.75 7.5
4568 0 24.75 7.75
4569 0 23.25 7.25
4570 0 23.25 7.5
4571 0 23.25 7.75
4572 0 23.5 7.25
4573 0 23.5 7.5
4574 0 23.5 7.75
4575 0 23.75 7.25
4576 0 23.75 7.5
4577 0 23.75 7.75
4578 0 22.25 7.25
4579 0 22.25 7.5
4580 0 22.25 7.75
4581 0 22.5 7.25
4582 0 22.5 7.5
4583 0 22.5 7.75
4584 0 22.75 7.25
4585 0 22.75 7.5
4586 0 22.75 7.75
4587 0 21.25 7.25
4588 0 21.25 7.5
4589 0 21.25 7.75
4590 0 21.5 7.25
4591 0 21.5 7.5
4592 0 21.5 7.75
4593 0 21.75 7.25
4594 0 21.75 7.5
4595 0 21.75 7.75
4596 0 20.25 7.25
4597 0 20.25 7.5
4598 0 20.25 7.75
4599 0 20.5 7.25
4600 0 20.5 7.5
4601 0 20.5 7.75
4602 0 20.75 7.25
4603 0 20.75 7.5
4604 0 20.75 7.75
4605 0 19.25 7.25
4606 0 19.25 7.5
4607 0 19.25 7.75
4608 0 19.5 7.25
4609 0 19.5 7.5
4610 0 19.5 7.75
4611 0 19.75 7.25
4612 0 19.75 7.5
4613 0 19.75 7.75
4614 0 18.25 7.25
4615 0 18.25 7.5
4616 0 18.25 7.75
4617 0 18.5 7.25
4618 0 18.5 7.5
4619 0 18.5 7.75
4620 0 18.75 7.25
4621 0 18.75 7.5
4622 0 18.75 7.75
4623 0 17.25 7.25
4624 0 17.25 7.5
4625 0 17.25 7.75
4626 0 17.5 7.25
4627 0 17.5 7.5
4628 0 17.5 7.75
4629 0 17.75 7.25
4630 0 17.75 7.5
4631 0 17.75 7.75
4632 0 16.25 7.25
4633 0 16.25 7.5
4634 0 16.25 7.75
4635 0 16.5 7.25
4636 0 16.5 7.5
4637 0 16.5 7.75
4638 0 16.75 7.25
4639 0 16.75 7.5
4640 0 16.75 7.75
4641 0 15.25 7.25
4642 0 15.25 7.5
4643 0 15.25 7.75
4644 0 15.5 7.25
4645 0 15.5 7.5
4646 0 15.5 7.75
4647 0 15.75 7.25
4648 0 15.75 7.5
4649 0 15.75 7.75
4650 0 14.25 7.25
4651 0 14.25 7.5
4652 0 14.25 7.75
4653 0 14.5 7.25
4654 0 14.5 7.5
4655 0 14.5 7.75
4656 0 14.75 7.25
4657 0 14.75 7.5
4658 0 14.75 7.75
4659 0 13.25 7.25
4660 0 13.25 7.5
4661 0 13.25 7.75
4662 0 13.5 7.25
4663 0 13.5 7.5
4664 0 13.5 7.75
4665 0 13.75 7.25
4666 0 13.75 7.5
4667 0 13.75 7.75
4668 0 12.25 7.25
4669 0 12.25 7.5
4670 0 12.25 7.75
4671 0 12.5 7.25
4672 0 12.5 7.5
4673 0 12.5 7.75
4674 0 12.75 7.25
4675 0 12.75 7.5
4676 0 12.75 7.75
4677 0 11.25 7.25
4678 0 11.25 7.5
4679 0 11.25 7.75
4680 0 11.5 7.25
4681 0 11.5 7.5
4682 0 11.5 7.75
4683 0 11.75 7.25
4684 0 11.75 7.5
4685 0 11.75 7.75
4686 0 10.25 7.25
4687 0 10.25 7.5
4688 0 10.25 7.75
4689 0 10.5 7.25
4690 0 10.5 7.5
4691 0 10.5 7.75
4692 0 10.75 7.25
4693 0 10.75 7.5
4694 0 10.75 7.75
4695 0 9.25 7.25
4696 0 9.25 7.5
4697 0 9.25 7.75
4698 0 9.5 7.25
4699 0 9.5 7.5
4700 0 9.5 7.75
4701 0 9.75 7.25
4702 0 9.75 7.5
4703 0 9.75 7.75
4704 0 8.25 7.25
4705 0 8.25 7.5
4706 0 8.25 7.75
4707 0 8.5 7.25
4708 0 8.5 7.5
4709 0 8.5 7.75
4710 0 8.75 7.25
4711 0 8.75 7.5
4712 0 8.75 7.75
4713 0 7.25 7.25
4714 0 7.25 7.5
4715 0 7.25 7.75
4716 0 7.5 7.25
4717 0 7.5 7.5
4718 0 7.5 7.75
4719 0 7.75 7.25
4720 0 7.75 7.5
4721 0 7.75 7.75
4722 0 6.25 7.25
4723 0 6.25 7.5
4724 0 6.25 7.75
4725 0 6.5 7.25
4726 0 6.5 7.5
4727 0 6.5 7.75
4728 0 6.75 7.25
4729 0 6.75 7.5
4730 0 6.75 7.75
4731 0 5.25 7.25
4732 0 5.25 7.5
4733 0 5.25 7.75
4734 0 5.5 7.25
4735 0 5.5 7.5
4736 0 5.5 7.75
4737 0 5.75 7.25
4738 0 5.75 7.5
4739 0 5.75 7.75
4740 0 4.25 7.25
4741 0 4.25 7.5
4742 0 4.25 7.75
4743 0 4.5 7.25
4744 0 4.5 7.5
4745 0 4.5 7.75
4746 0 4.75 7.25
4747 0 4.75 7.5
4748 0 4.75 7.75
4749 0 3.25 7.25
4750 0 3.25 7.5
4751 0 3.25 7.75
4752 0 3.5 7.25
4753 0 3.5 7.5
4754 0 3.5 7.75
4755 0 3.75 7.25
4756 0 3.75 7.5
4757 0 3.75 7.75
4758 0 2.25 7.25
4759 0 2.25 7.5
4760 0 2.25 7.75
4761 0 2.5 7.25
4762 0 2.5 7.5
4763 0 2.5 7.75
4764 0 2.75 7.25
4765 0 2.75 7.5
4766 0 2.75 7.75
4767 0 1.25 7.25
4768 0 1.25 7.5
4769 0 1.25 7.75
4770 0 1.5 7.25
4771 0 1.5 7.5
4772 0 1.5 7.75
4773 0 1.75 7.25
4774 0 1.75 7.5
4775 0 1.75 7.75
4776 0 0.25 7.25
4777 0 0.25 7.5
4778 0 0.25 7.75
4779 0 0.5 7.25
4780 0 0.5 7.5
4781 0 0.5 7.75
4782 0 0.75 7.25
4783 0 0.75 7.5
4784 0 0.75 7.75

# cells
# id attribute kind points
0 1 qua4 4784 554 73 336
1 1 qua4 4775 557 72 549
2 1 qua4 4766 560 71 546
3 1 qua4 4757 563 70 543
4 1 qua4 4748 566 69 540
5 1 qua4 4739 569 68 537
6 1 qua4 4730 572 67 534
7 1 qua4 4721 575 66 531
8 1 qua4 4712 578 65 528
9 1 qua4 4703 581 64 525
10 1 qua4 4694 584 63 522
11 1 qua4 4685 587 62 519
12 1 qua4 4676 590 61 516
13 1 qua4 4667 593 60 513
14 1 qua4 4658 596 59 510
15 1 qua4 4649 599 58 507
16 1 qua4 4640 602 57 504
17 1 qua4 4631 605 56 501
18 1 qua4 4622 608 55 498
19 1 qua4 4613 611 54 495
20 1 qua4 4604 614 53 492
21 1 qua4 4595 617 52 489
22 1 qua4 4586 620 51 486
23 1 qua4 4577 623 50 483
24 1 qua4 4568 626 49 480
25 1 qua4 4559 629 48 477
26 1 qua4 4550 632 47 474
27 1 qua4 4541 635 46 471
28 1 qua4 4532 638 45 468
29 1 qua4 4523 641 44 465
30 1 qua4 4514 644 43 462
31 1 qua4 4505 647 42 459
32 1 qua4 4496 650 41 456
33 1 qua4 4487 653 40 453
34 1 qua4 4478 656 39 450
35 1 qua4 4469 659 38 447
36 1 qua4 4460 1418 326 1437
37 1 qua4 4451 1421 327 1440
38 1 qua4 4442 1424 328 1443
39 1 qua4 4433 1427 329 1446
40 1 qua4 4424 1430 330 1449
41 1 qua4 4415 1433 331 1452
42 1 qua4 4406 1436 332 1455
43 1 qua4 4397 1397 319 1458
44 1 qua4 4388 1400 320 1461
45 1 qua4 4379 1403 321 1464
46 1 qua4 4370 1406 322 1467
47 1 qua4 4361 1409 323 1470
48 1 qua4 4352 1412 324 1473
49 1 qua4 4343 1415 325 1476
50 1 qua4 4334 1376 312 1479
51 1 qua4 4325 1379 313 1482
52 1 qua4 4316 1382 314 1485
53 1 qua4 4307 1385 315 1488
54 1 qua4 4298 1388 316 1491
55 1 qua4 4289 1391 317 1494
56 1 qua4 4280 1394 318 1497
57 1 qua4 4271 1355 305 1500
58 1 qua4 4262 1358 306 1503
59 1 qua4 4253 1361 307 1506
60 1 qua4 4244 1364 308 1509
61 1 qua4 4235 1367 309 1512
62 1 qua4 4226 1370 310 1515
63 1 qua4 4217 1373 311 1518
64 1 qua4 4208 1334 298 1521
65 1 qua4 4199 1337 299 1524
66 1 qua4 4190 1340 300 1527
67 1 qua4 4181 1343 301 1530
68 1 qua4 4172 1346 302 1533
69 1 qua4 4163 1349 303 1536
70 1 qua4 4154 1352 304 1539
71 1 qua4 4145 1313 291 1542
72 1 qua4 4136 1316 292 1545
73 1 qua4 4127 1319 293 1548
74 1 qua4 4118 1322 294 1551
75 1 qua4 4109 1325 295 1554
76 1 qua4 4100 1328 296 1557
77 1 qua4 4091 1331 297 1560
78 1 qua4 4082 1292 284 1563
79 1 qua4 4073 1295 285 1566
80 1 qua4 4064 1298 286 1569
81 1 qua4 4055 1301 287 1572
82 1 qua4 4046 1304 288 1575
83 1 qua4 4037 1307 289 1578
84 1 qua4 4028 1310 290 1581
85 1 qua4 4019 1271 277 1584
86 1 qua4 4010 1274 278 1587
87 1 qua4 4001 1277 279 1590
88 1 qua4 3992 1280 280 1593
89 1 qua4 3983 1283 281 1596
90 1 qua4 3974 1286 282 1599
91 1 qua4 3965 1289 283 1602
92 1 qua4 3956 1250 270 1605
93 1 qua4 3947 1253 271 1608
94 1 qua4 3938 1256 272 1611
95 1 qua4 3929 1259 273 1614
96 1 qua4 3920 1262 274 1617
97 1 qua4 3911 1265 275 1620
98 1 qua4 3902 1268 276 1623
99 1 qua4 3893 1229 263 1626
100 1 qua4 3884 1232 264 1629
101 1 qua4 3875 1235 265 1632
102 1 qua4 3866 1238 266 1635
103 1 qua4 3857 1241 267 1638
104 1 qua4 3848 1244 268 1641
105 1 qua4 3839 1247 269 1644
106 1 qua4 3830 1208 256 1647
107 1 qua4 3821 1211 257 1650
108 1 qua4 3812 1214 258 1653
109 1 qua4 3803 1217 259 1656
110 1 qua4 3794 1220 260 1659
111 1 qua4 3785 1223 261 1662
112 1 qua4 3776 1226 262 1665
113 1 qua4 3767 1187 249 1668
114 1 qua4 3758 1190 250 1671
115 1 qua4 3749 1193 251 1674
116 1 qua4 3740 1196 252 1677
117 1 qua4 3731 1199 253 1680
118 1 qua4 3722 1202 254 1683
119 1 qua4 3713 1205 255 1686
120 1 qua4 3704 1166 242 1689
121 1 qua4 3695 1169 243 1692
122 1 qua4 3686 1172 244 1695
123 1 qua4 3677 1175 245 1698
124 1 qua4 3668 1178 246 1701
125 1 qua4 3659 1181 247 1704
126 1 qua4 3650 1184 248 1707
127 1 qua4 3641 1145 235 1710
128 1 qua4 3632 1148 236 1713
129 1 qua4 3623 1151 237 1716
130 1 qua4 3614 1154 238 1719
131 1 qua4 3605 1157 239 1722
132 1 qua4 3596 1160 240 1725
133 1 qua4 3587 1163 241 1728
134 1 qua4 3578 1124 228 1731
135 1 qua4 3569 1127 229 1734
136 1 qua4 3560 1130 230 1737
137 1 qua4 3551 1133 231 1740
138 1 qua4 3542 1136 232 1743
139 1 qua4 3533 1139 233 1746
140 1 qua4 3524 1142 234 1749
141 1 qua4 3515 1103 221 1752
142 1 qua4 3506 1106 222 1755
143 1 qua4 3497 1109 223 1758
144 1 qua4 3488 1112 224 1761
145 1 qua4 3479 1115 225 1764
146 1 qua4 3470 1118 226 1767
147 1 qua4 3461 1121 227 1770
148 1 qua4 3452 1082 214 1773
149 1 qua4 3443 1085 215 1776
150 1 qua4 3434 1088 216 1779
151 1 qua4 3425 1091 217 1782
152 1 qua4 3416 1094 218 1785
153 1 qua4 3407 1097 219 1788
154 1 qua4 3398 1100 220 1791
155 1 qua4 3389 1061 207 1794
156 1 qua4 3380 1064 208 1797
157 1 qua4 3371 1067 209 1800
158 1 qua4 3362 1070 210 1803
159 1 qua4 3353 1073 211 1806
160 1 qua4 3344 1076 212 1809
161 1 qua4 3335 1079 213 1812
162 1 qua4 3326 1040 200 1815
163 1 qua4 3317 1043 201 1818
164 1 qua4 3308 1046 202 1821
165 1 qua4 3299 1049 203 1824
166 1 qua4 3290 1052 204 1827
167 1 qua4 3281 1055 205 1830
168 1 qua4 3272 1058 206 1833
169 1 qua4 3263 1019 193 1836
170 1 qua4 3254 1022 194 1839
171 1 qua4 3245 1025 195 1842
172 1 qua4 3236 1028 196 1845
173 1 qua4 3227 1031 197 1848
174 1 qua4 3218 1034 198 1851
175 1 qua4 3209 1037 199 1854
176 1 qua4 3200 998 186 1857
177 1 qua4 3191 1001 187 1860
178 1 qua4 3182 1004 188 1863
179 1 qua4 3173 1007 189 1866
180 1 qua4 3164 1010 190 1869
181 1 qua4 3155 1013 191 1872
182 1 qua4 3146 1016 192 1875
183 1 qua4 3137 977 179 1878
184 1 qua4 3128 980 180 1881
185 1 qua4 3119 983 181 1884
186 1 qua4 3110 986 182 1887
187 1 qua4 3101 989 183 1890
188 1 qua4 3092 992 184 1893
189 1 qua4 3083 995 185 1896
190 1 qua4 3074 956 172 1899
191 1 qua4 3065 959 173 1902
192 1 qua4 3056 962 174 1905
193 1 qua4 3047 965 175 1908
194 1 qua4 3038 968 176 1911
195 1 qua4 3029 971 177 1914
196 1 qua4 3020 974 178 1917
197 1 qua4 3011 935 165 1920
198 1 qua4 3002 938 166 1923
199 1 qua4 2993 941 167 1926
200 1 qua4 2984 944 168 1929
201 1 qua4 2975 947 169 1932
202 1 qua4 2966 950 170 1935
203 1 qua4 2957 953 171 1938
204 1 qua4 2948 914 158 1941
205 1 qua4 2939 917 159 1944
206 1 qua4 2930 920 160 1947
207 1 qua4 2921 923 161 1950
208 1 qua4 2912 926 162 1953
209 1 qua4 2903 929 163 1956
210 1 qua4 2894 932 164 1959
211 1 qua4 2885 893 151 1962
212 1 qua4 2876 896 152 1965
213 1 qua4 2867 899 153 1968
214 1 qua4 2858 902 154 1971
215 1 qua4 2849 905 155 1974
216 1 qua4 2840 908 156 1977
217 1 qua4 2831 911 157 1980
218 1 qua4 2822 872 144 1983
219 1 qua4 2813 875 145 1986
220 1 qua4 2804 878 146 1989
221 1 qua4 2795 881 147 1992
222 1 qua4 2786 884 148 1995
223 1 qua4 2777 887 149 1998
224 1 qua4 2768 890 150 2001
225 1 qua4 2759 851 137 2004
226 1 qua4 2750 854 138 2007
227 1 qua4 2741 857 139 2010
228 1 qua4 2732 860 140 2013
229 1 qua4 2723 863 141 2016
230 1 qua4 2714 866 142 2019
231 1 qua4 2705 869 143 2022
232 1 qua4 2696 830 130 2025
233 1 qua4 2687 833 131 2028
234 1 qua4 2678 836 132 2031
235 1 qua4 2669 839 133 2034
236 1 qua4 2660 842 134 2037
237 1 qua4 2651 845 135 2040
238 1 qua4 2642 848 136 2043
239 1 qua4 2633 809 123 2046
240 1 qua4 2624 812 124 2049
241 1 qua4 2615 815 125 2052
242 1 qua4 2606 818 126 2055
243 1 qua4 2597 821 127 2058
244 1 qua4 2588 824 128 2061
245 1 qua4 2579 827 129 2064
246 1 qua4 2570 788 116 2067
247 1 qua4 2561 791 117 2070
248 1 qua4 2552 794 118 2073
249 1 qua4 2543 797 119 2076
250 1 qua4 2534 800 120 2079
251 1 qua4 2525 803 121 2082
252 1 qua4 2516 806 122 2085
253 1 qua4 2507 767 109 2088
254 1 qua4 2498 770 110 2091
255 1 qua4 2489 773 111 2094
256 1 qua4 2480 776 112 2097
257 1 qua4 2471 779 113 2100
258 1 qua4 2462 782 114 2103
259 1 qua4 2453 785 115 2106
260 1 qua4 2444 746 102 2109
261 1 qua4 2435 749 103 2112
262 1 qua4 2426 752 104 2115
263 1 qua4 2417 755 105 2118
264 1 qua4 2408 758 106 2121
265 1 qua4 2399 761 107 2124
266 1 qua4 2390 764 108 2127
267 1 qua4 2381 725 95 2130
268 1 qua4 2372 728 96 2133
269 1 qua4 2363 731 97 2136
270 1 qua4 2354 734 98 2139
271 1 qua4 2345 737 99 2142
272 1 qua4 2336 740 100 2145
273 1 qua4 2327 743 101 2148
274 1 qua4 2318 704 88 2151
275 1 qua4 2309 707 89 2154
276 1 qua4 2300 710 90 2157
277 1 qua4 2291 713 91 2160
278 1 qua4 2282 716 92 2163
279 1 qua4 2273 719 93 2166
280 1 qua4 2264 722 94 2169
281 1 qua4 2255 683 81 2172
282 1 qua4 2246 686 82 2175
283 1 qua4 2237 689 83 2178
284 1 qua4 2228 692 84 2181
285 1 qua4 2219 695 85 2184
286 1 qua4 2210 698 86 2187
287 1 qua4 2201 701 87 2190
288 1 qua4 663 2195 2192 74
289 1 qua4 2195 2198 2191 2192
290 1 qua4 2198 2201 2190 2191
291 1 qua4 75 2189 2193 665
292 1 qua4 665 2193 2194 664
293 1 qua4 664 2194 2195 663
294 1 qua4 2189 2188 2196 2193
295 1 qua4 2193 2196 2197 2194
296 1 qua4 2194 2197 2198 2195
297 1 qua4 2188 2187 2199 2196
298 1 qua4 2196 2199 2200 2197
299 1 qua4 2197 2200 2201 2198
300 1 qua4 2187 86 699 2199
301 1 qua4 2199 699 700 2200
302 1 qua4 2200 700 701 2201
303 1 qua4 666 2204 2189 75
304 1 qua4 2204 2207 2188 2189
305 1 qua4 2207 2210 2187 2188
306 1 qua4 76 2186 2202 668
307 1 qua4 668 2202 2203 667
308 1 qua4 667 2203 2204 666
309 1 qua4 2186 2185 2205 2202
310 1 qua4 2202 2205 2206 2203
311 1 qua4 2203 2206 2207 2204
312 1 qua4 2185 2184 2208 2205
313 1 qua4 2205 2208 2209 2206
314 1 qua4 2206 2209 2210 2207
315 1 qua4 2184 85 696 2208
316 1 qua4 2208 696 697 2209
317 1 qua4 2209 697 698 2210
318 1 qua4 669 2213 2186 76
319 1 qua4 2213 2216 2185 2186
320 1 qua4 2216 2219 2184 2185
321 1 qua4 77 2183 2211 671
322 1 qua4 671 2211 2212 670
323 1 qua4 670 2212 2213 669
324 1 qua4 2183 2182 2214 2211
325 1 qua4 2211 2214 2215 2212
326 1 qua4 2212 2215 2216 2213
327 1 qua4 2182 2181 2217 2214
328 1 qua4 2214 2217 2218 2215
329 1 qua4 2215 2218 2219 2216
330 1 qua4 2181 84 693 2217
331 1 qua4 2217 693 694 2218
332 1 qua4 2218 694 695 2219
333 1 qua4 672 2222 2183 77
334 1 qua4 2222 2225 2182 2183
335 1 qua4 2225 2228 2181 2182
336 1 qua4 78 2180 2220 674
337 1 qua4 674 2220 2221 673
338 1 qua4 673 2221 2222 672
339 1 qua4 2180 2179 2223 2220
340 1 qua4 2220 2223 2224 2221
341 1 qua4 2221 2224 2225 2222
342 1 qua4 2179 2178 2226 2223
343 1 qua4 2223 2226 2227 2224
344 1 qua4 2224 2227 2228 2225
345 1 qua4 2178 83 690 2226
346 1 qua4 2226 690 691 2227
347 1 qua4 2227 691 692 2228
348 1 qua4 675 2231 2180 78
349 1 qua4 2231 2234 2179 2180
350 1 qua4 2234 2237 2178 2179
351 1 qua4 79 2177 2229 677
352 1 qua4 677 2229 2230 676
353 1 qua4 676 2230 2231 675
354 1 qua4 2177 2176 2232 2229
355 1 qua4 2229 2232 2233 2230
356 1 qua4 2230 2233 2234 2231
357 1 qua4 2176 2175 2235 2232
358 1 qua4 2232 2235 2236 2233
359 1 qua4 2233 2236 2237 2234
360 1 qua4 2175 82 687 2235
361 1 qua4 2235 687 688 2236
362 1 qua4 2236 688 689 2237
363 1 qua4 678 2240 2177 79
364 1 qua4 2240 2243 2176 2177
365 1 qua4 2243 2246 2175 2176
366 1 qua4 80 2174 2238 680
367 1 qua4 680 2238 2239 679
368 1 qua4 679 2239 2240 678
369 1 qua4 2174 2173 2241 2238
370 1 qua4 2238 2241 2242 2239
371 1 qua4 2239 2242 2243 2240
372 1 qua4 2173 2172 2244 2241
373 1 qua4 2241 2244 2245 2242
374 1 qua4 2242 2245 2246 2243
375 1 qua4 2172 81 684 2244
376 1 qua4 2244 684 685 2245
377 1 qua4 2245 685 686 2246
378 1 qua4 333 2249 2174 80
379 1 qua4 2249 2252 2173 2174
380 1 qua4 2252 2255 2172 2173
381 1 qua4 0 339 2247 335
382 1 qua4 335 2247 2248 334
383 1 qua4 334 2248 2249 333
384 1 qua4 339 340 2250 2247
385 1 qua4 2247 2250 2251 2248
386 1 qua4 2248 2251 2252 2249
387 1 qua4 340 341 2253 2250
388 1 qua4 2250 2253 2254 2251
389 1 qua4 2251 2254 2255 2252
390 1 qua4 341 2 681 2253
391 1 qua4 2253 681 682 2254
392 1 qua4 2254 682 683 2255
393 1 qua4 701 2258 2171 87
394 1 qua4 2258 2261 2170 2171
395 1 qua4 2261 2264 2169 2170
396 1 qua4 86 2168 2256 699
397 1 qua4 699 2256 2257 700
398 1 qua4 700 2257 2258 701
399 1 qua4 2168 2167 2259 2256
400 1 qua4 2256 2259 2260 2257
401 1 qua4 2257 2260 2261 2258
402 1 qua4 2167 2166 2262 2259
403 1 qua4 2259 2262 2263 2260
404 1 qua4 2260 2263 2264 2261
405 1 qua4 2166 93 720 2262
406 1 qua4 2262 720 721 2263
407 1 qua4 2263 721 722 2264
408 1 qua4 698 2267 2168 86
409 1 qua4 2267 2270 2167 2168
410 1 qua4 2270 2273 2166 2167
411 1 qua4 85 2165 2265 696
412 1 qua4 696 2265 2266 697
413 1 qua4 697 2266 2267 698
414 1 qua4 2165 2164 2268 2265
415 1 qua4 2265 2268 2269 2266
416 1 qua4 2266 2269 2270 2267
417 1 qua4 2164 2163 2271 2268
418 1 qua4 2268 2271 2272 2269
419 1 qua4 2269 2272 2273 2270
420 1 qua4 2163 92 717 2271
421 1 qua4 2271 717 718 2272
422 1 qua4 2272 718 719 2273
423 1 qua4 695 2276 2165 85
424 1 qua4 2276 2279 2164 2165
425 1 qua4 2279 2282 2163 2164
426 1 qua4 84 2162 2274 693
427 1 qua4 693 2274 2275 694
428 1 qua4 694 2275 2276 695
429 1 qua4 2162 2161 2277 2274
430 1 qua4 2274 2277 2278 2275
431 1 qua4 2275 2278 2279 2276
432 1 qua4 2161 2160 2280 2277
433 1 qua4 2277 2280 2281 2278
434 1 qua4 2278 2281 2282 2279
435 1 qua4 2160 91 714 2280
436 1 qua4 2280 714 715 2281
437 1 qua4 2281 715 716 2282
438 1 qua4 692 2285 2162 84
439 1 qua4 2285 2288 2161 2162
440 1 qua4 2288 2291 2160 2161
441 1 qua4 83 2159 2283 690
442 1 qua4 690 2283 2284 691
443 1 qua4 691 2284 2285 692
444 1 qua4 2159 2158 2286 2283
445 1 qua4 2283 2286 2287 2284
446 1 qua4 2284 2287 2288 2285
447 1 qua4 2158 2157 2289 2286
448 1 qua4 2286 2289 2290 2287
449 1 qua4 2287 2290 2291 2288
450 1 qua4 2157 90 711 2289
451 1 qua4 2289 711 712 2290
452 1 qua4 2290 712 713 2291
453 1 qua4 689 2294 2159 83
454 1 qua4 2294 2297 2158 2159
455 1 qua4 2297 2300 2157 2158
456 1 qua4 82 2156 2292 687
457 1 qua4 687 2292 2293 688
458 1 qua4 688 2293 2294 689
459 1 qua4 2156 2155 2295 2292
460 1 qua4 2292 2295 2296 2293
461 1 qua4 2293 2296 2297 2294
462 1 qua4 2155 2154 2298 2295
463 1 qua4 2295 2298 2299 2296
464 1 qua4 2296 2299 2300 2297
465 1 qua4 2154 89 708 2298
466 1 qua4 2298 708 709 2299
467 1 qua4 2299 709 710 2300
468 1 qua4 686 2303 2156 82
469 1 qua4 2303 2306 2155 2156
470 1 qua4 2306 2309 2154 2155
471 1 qua4 81 2153 2301 684
472 1 qua4 684 2301 2302 685
473 1 qua4 685 2302 2303 686
474 1 qua4 2153 2152 2304 2301
475 1 qua4 2301 2304 2305 2302
476 1 qua4 2302 2305 2306 2303
477 1 qua4 2152 2151 2307 2304
478 1 qua4 2304 2307 2308 2305
479 1 qua4 2305 2308 2309 2306
480 1 qua4 2151 88 705 2307
481 1 qua4 2307 705 706 2308
482 1 qua4 2308 706 707 2309
483 1 qua4 683 2312 2153 81
484 1 qua4 2312 2315 2152 2153
485 1 qua4 2315 2318 2151 2152
486 1 qua4 2 342 2310 681
487 1 qua4 681 2310 2311 682
488 1 qua4 682 2311 2312 683
489 1 qua4 342 343 2313 2310
490 1 qua4 2310 2313 2314 2311
491 1 qua4 2311 2314 2315 2312
492 1 qua4 343 344 2316 2313
493 1 qua4 2313 2316 2317 2314
494 1 qua4 2314 2317 2318 2315
495 1 qua4 344 3 702 2316
496 1 qua4 2316 702 703 2317
497 1 qua4 2317 703 704 2318
498 1 qua4 722 2321 2150 94
499 1 qua4 2321 2324 2149 2150
500 1 qua4 2324 2327 2148 2149
501 1 qua4 93 2147 2319 720
502 1 qua4 720 2319 2320 721
503 1 qua4 721 2320 2321 722
504 1 qua4 2147 2146 2322 2319
505 1 qua4 2319 2322 2323 2320
506 1 qua4 2320 2323 2324 2321
507 1 qua4 2146 2145 2325 2322
508 1 qua4 2322 2325 2326 2323
509 1 qua4 2323 2326 2327 2324
510 1 qua4 2145 100 741 2325
511 1 qua4 2325 741 742 2326
512 1 qua4 2326 742 743 2327
513 1 qua4 719 2330 2147 93
514 1 qua4 2330 2333 2146 2147
515 1 qua4 2333 2336 2145 2146
516 1 qua4 92 2144 2328 717
517 1 qua4 717 2328 2329 718
518 1 qua4 718 2329 2330 719
519 1 qua4 2144 2143 2331 2328
520 1 qua4 2328 2331 2332 2329
521 1 qua4 2329 2332 2333 2330
522 1 qua4 2143 2142 2334 2331
523 1 qua4 2331 2334 2335 2332
524 1 qua4 2332 2335 2336 2333
525 1 qua4 2142 99 738 2334
526 1 qua4 2334 738 739 2335
527 1 qua4 2335 739 740 2336
528 1 qua4 716 2339 2144 92
529 1 qua4 2339 2342 2143 2144
530 1 qua4 2342 2345 2142 2143
531 1 qua4 91 2141 2337 714
532 1 qua4 714 2337 2338 715
533 1 qua4 715 2338 2339 716
534 1 qua4 2141 2140 2340 2337
535 1 qua4 2337 2340 2341 2338
536 1 qua4 2338 2341 2342 2339
537 1 qua4 2140 2139 2343 2340
538 1 qua4 2340 2343 2344 2341
539 1 qua4 2341 2344 2345 2342
540 1 qua4 2139 98 735 2343
541 1 qua4 2343 735 736 2344
542 1 qua4 2344 736 737 2345
543 1 qua4 713 2348 2141 91
544 1 qua4 2348 2351 2140 2141
545 1 qua4 2351 2354 2139 2140
546 1 qua4 90 2138 2346 711
547 1 qua4 711 2346 2347 712
548 1 qua4 712 2347 2348 713
549 1 qua4 2138 2137 2349 2346
550 1 qua4 2346 2349 2350 2347
551 1 qua4 2347 2350 2351 2348
552 1 qua4 2137 2136 2352 2349
553 1 qua4 2349 2352 2353 2350
554 1 qua4 2350 2353 2354 2351
555 1 qua4 2136 97 732 2352
556 1 qua4 2352 732 733 2353
557 1 qua4 2353 733 734 2354
558 1 qua4 710 2357 2138 90
559 1 qua4 2357 2360 2137 2138
560 1 qua4 2360 2363 2136 2137
561 1 qua4 89 2135 2355 708
562 1 qua4 708 2355 2356 709
563 1 qua4 709 2356 2357 710
564 1 qua4 2135 2134 2358 2355
565 1 qua4 2355 2358 2359 2356
566 1 qua4 2356 2359 2360 2357
567 1 qua4 2134 2133 2361 2358
568 1 qua4 2358 2361 2362 2359
569 1 qua4 2359 2362 2363 2360
570 1 qua4 2133 96 729 2361
571 1 qua4 2361 729 730 2362
572 1 qua4 2362 730 731 2363
573 1 qua4 707 2366 2135 89
574 1 qua4 2366 2369 2134 2135
575 1 qua4 2369 2372 2133 2134
576 1 qua4 88 2132 2364 705
577 1 qua4 705 2364 2365 706
578 1 qua4 706 2365 2366 707
579 1 qua4 2132 2131 2367 2364
580 1 qua4 2364 2367 2368 2365
581 1 qua4 2365 2368 2369 2366
582 1 qua4 2131 2130 2370 2367
583 1 qua4 2367 2370 2371 2368
584 1 qua4 2368 2371 2372 2369
585 1 qua4 2130 95 726 2370
586 1 qua4 2370 726 727 2371
587 1 qua4 2371 727 728 2372
588 1 qua4 704 2375 2132 88
589 1 qua4 2375 2378 2131 2132
590 1 qua4 2378 2381 2130 2131
591 1 qua4 3 345 2373 702
592 1 qua4 702 2373 2374 703
593 1 qua4 703 2374 2375 704
594 1 qua4 345 346 2376 2373
595 1 qua4 2373 2376 2377 2374
596 1 qua4 2374 2377 2378 2375
597 1 qua4 346 347 2379 2376
598 1 qua4 2376 2379 2380 2377
599 1 qua4 2377 2380 2381 2378
600 1 qua4 347 4 723 2379
601 1 qua4 2379 723 724 2380
602 1 qua4 2380 724 725 2381
603 1 qua4 743 2384 2129 101
604 1 qua4 2384 2387 2128 2129
605 1 qua4 2387 2390 2127 2128
606 1 qua4 100 2126 2382 741
607 1 qua4 741 2382 2383 742
608 1 qua4 742 2383 2384 743
609 1 qua4 2126 2125 2385 2382
610 1 qua4 2382 2385 2386 2383
611 1 qua4 2383 2386 2387 2384
612 1 qua4 2125 2124 2388 2385
613 1 qua4 2385 2388 2389 2386
614 1 qua4 2386 2389 2390 2387
615 1 qua4 2124 107 762 2388
616 1 qua4 2388 762 763 2389
617 1 qua4 2389 763 764 2390
618 1 qua4 740 2393 2126 100
619 1 qua4 2393 2396 2125 2126
620 1 qua4 2396 2399 2124 2125
621 1 qua4 99 2123 2391 738
622 1 qua4 738 2391 2392 739
623 1 qua4 739 2392 2393 740
624 1 qua4 2123 2122 2394 2391
625 1 qua4 2391 2394 2395 2392
626 1 qua4 2392 2395 2396 2393
627 1 qua4 2122 2121 2397 2394
628 1 qua4 2394 2397 2398 2395
629 1 qua4 2395 2398 2399 2396
630 1 qua4 2121 106 759 2397
631 1 qua4 2397 759 760 2398
632 1 qua4 2398 760 761 2399
633 1 qua4 737 2402 2123 99
634 1 qua4 2402 2405 2122 2123
635 1 qua4 2405 2408 2121 2122
636 1 qua4 98 2120 2400 735
637 1 qua4 735 2400 2401 736
638 1 qua4 736 2401 2402 737
639 1 qua4 2120 2119 2403 2400
640 1 qua4 2400 2403 2404 2401
641 1 qua4 2401 2404 2405 2402
642 1 qua4 2119 2118 2406 2403
643 1 qua4 2403 2406 2407 2404
644 1 qua4 2404 2407 2408 2405
645 1 qua4 2118 105 756 2406
646 1 qua4 2406 756 757 2407
647 1 qua4 2407 757 758 2408
648 1 qua4 734 2411 2120 98
649 1 qua4 2411 2414 2119 2120
650 1 qua4 2414 2417 2118 2119
651 1 qua4 97 2117 2409 732
652 1 qua4 732 2409 2410 733
653 1 qua4 733 2410 2411 734
654 1 qua4 2117 2116 2412 2409
655 1 qua4 2409 2412 2413 2410
656 1 qua4 2410 2413 2414 2411
657 1 qua4 2116 2115 2415 2412
658 1 qua4 2412 2415 2416 2413
659 1 qua4 2413 2416 2417 2414
660 1 qua4 2115 104 753 2415
661 1 qua4 2415 753 754 2416
662 1 qua4 2416 754 755 2417
663 1 qua4 731 2420 2117 97
664 1 qua4 2420 2423 2116 2117
665 1 qua4 2423 2426 2115 2116
666 1 qua4 96 2114 2418 729
667 1 qua4 729 2418 2419 730
668 1 qua4 730 2419 2420 731
669 1 qua4 2114 2113 2421 2418
670 1 qua4 2418 2421 2422 2419
671 1 qua4 2419 2422 2423 2420
672 1 qua4 2113 2112 2424 2421
673 1 qua4 2421 2424 2425 2422
674 1 qua4 2422 2425 2426 2423
675 1 qua4 2112 103 750 2424
676 1 qua4 2424 750 751 2425
677 1 qua4 2425 751 752 2426
678 1 qua4 728 2429 2114 96
679 1 qua4 2429 2432 2113 2114
680 1 qua4 2432 2435 2112 2113
681 1 qua4 95 2111 2427 726
682 1 qua4 726 2427 2428 727
683 1 qua4 727 2428 2429 728
684 1 qua4 2111 2110 2430 2427
685 1 qua4 2427 2430 2431 2428
686 1 qua4 2428 2431 2432 2429
687 1 qua4 2110 2109 2433 2430
688 1 qua4 2430 2433 2434 2431
689 1 qua4 2431 2434 2435 2432
690 1 qua4 2109 102 747 2433
691 1 qua4 2433 747 748 2434
692 1 qua4 2434 748 749 2435
693 1 qua4 725 2438 2111 95
694 1 qua4 2438 2441 2110 2111
695 1 qua4 2441 2444 2109 2110
696 1 qua4 4 348 2436 723
697 1 qua4 723 2436 2437 724
698 1 qua4 724 2437 2438 725
699 1 qua4 348 349 2439 2436
700 1 qua4 2436 2439 2440 2437
701 1 qua4 2437 2440 2441 2438
702 1 qua4 349 350 2442 2439
703 1 qua4 2439 2442 2443 2440
704 1 qua4 2440 2443 2444 2441
705 1 qua4 350 5 744 2442
706 1 qua4 2442 744 745 2443
707 1 qua4 2443 745 746 2444
708 1 qua4 764 2447 2108 108
709 1 qua4 2447 2450 2107 2108
710 1 qua4 2450 2453 2106 2107
711 1 qua4 107 2105 2445 762
712 1 qua4 762 2445 2446 763
713 1 qua4 763 2446 2447 764
714 1 qua4 2105 2104 2448 2445
715 1 qua4 2445 2448 2449 2446
716 1 qua4 2446 2449 2450 2447
717 1 qua4 2104 2103 2451 2448
718 1 qua4 2448 2451 2452 2449
719 1 qua4 2449 2452 2453 2450
720 1 qua4 2103 114 783 2451
721 1 qua4 2451 783 784 2452
722 1 qua4 2452 784 785 2453
723 1 qua4 761 2456 2105 107
724 1 qua4 2456 2459 2104 2105
725 1 qua4 2459 2462 2103 2104
726 1 qua4 106 2102 2454 759
727 1 qua4 759 2454 2455 760
728 1 qua4 760 2455 2456 761
729 1 qua4 2102 2101 2457 2454
730 1 qua4 2454 2457 2458 2455
731 1 qua4 2455 2458 2459 2456
732 1 qua4 2101 2100 2460 2457
733 1 qua4 2457 2460 2461 2458
734 1 qua4 2458 2461 2462 2459
735 1 qua4 2100 113 780 2460
736 1 qua4 2460 780 781 2461
737 1 qua4 2461 781 782 2462
738 1 qua4 758 2465 2102 106
739 1 qua4 2465 2468 2101 2102
740 1 qua4 2468 2471 2100 2101
741 1 qua4 105 2099 2463 756
742 1 qua4 756 2463 2464 757
743 1 qua4 757 2464 2465 758
744 1 qua4 2099 2098 2466 2463
745 1 qua4 2463 2466 2467 2464
746 1 qua4 2464 2467 2468 2465
747 1 qua4 2098 2097 2469 2466
748 1 qua4 2466 2469 2470 2467
749 1 qua4 2467 2470 2471 2468
750 1 qua4 2097 112 777 2469
751 1 qua4 2469 777 778 2470
752 1 qua4 2470 778 779 2471
753 1 qua4 755 2474 2099 105
754 1 qua4 2474 2477 2098 2099
755 1 qua4 2477 2480 2097 2098
756 1 qua4 104 2096 2472 753
757 1 qua4 753 2472 2473 754
758 1 qua4 754 2473 2474 755
759 1 qua4 2096 2095 2475 2472
760 1 qua4 2472 2475 2476 2473
761 1 qua4 2473 2476 2477 2474
762 1 qua4 2095 2094 2478 2475
763 1 qua4 2475 2478 2479 2476
764 1 qua4 2476 2479 2480 2477
765 1 qua4 2094 111 774 2478
766 1 qua4 2478 774 775 2479
767 1 qua4 2479 775 776 2480
768 1 qua4 752 2483 2096 104
769 1 qua4 2483 2486 2095 2096
770 1 qua4 2486 2489 2094 2095
771 1 qua4 103 2093 2481 750
772 1 qua4 750 2481 2482 751
773 1 qua4 751 2482 2483 752
774 1 qua4 2093 2092 2484 2481
775 1 qua4 2481 2484 2485 2482
776 1 qua4 2482 2485 2486 2483
777 1 qua4 2092 2091 2487 2484
778 1 qua4 2484 2487 2488 2485
779 1 qua4 2485 2488 2489 2486
780 1 qua4 2091 110 771 2487
781 1 qua4 2487 771 772 2488
782 1 qua4 2488 772 773 2489
783 1 qua4 749 2492 2093 103
784 1 qua4 2492 2495 2092 2093
785 1 qua4 2495 2498 2091 2092
786 1 qua4 102 2090 2490 747
787 1 qua4 747 2490 2491 748
788 1 qua4 748 2491 2492 749
789 1 qua4 2090 2089 2493 2490
790 1 qua4 2490 2493 2494 2491
791 1 qua4 2491 2494 2495 2492
792 1 qua4 2089 2088 2496 2493
793 1 qua4 2493 2496 2497 2494
794 1 qua4 2494 2497 2498 2495
795 1 qua4 2088 109 768 2496
796 1 qua4 2496 768 769 2497
797 1 qua4 2497 769 770 2498
798 1 qua4 746 2501 2090 102
799 1 qua4 2501 2504 2089 2090
800 1 qua4 2504 2507 2088 2089
801 1 qua4 5 351 2499 744
802 1 qua4 744 2499 2500 745
803 1 qua4 745 2500 2501 746
804 1 qua4 351 352 2502 2499
805 1 qua4 2499 2502 2503 2500
806 1 qua4 2500 2503 2504 2501
807 1 qua4 352 353 2505 2502
808 1 qua4 2502 2505 2506 2503
809 1 qua4 2503 2506 2507 2504
810 1 qua4 353 6 765 2505
811 1 qua4 2505 765 766 2506
812 1 qua4 2506 766 767 2507
813 1 qua4 785 2510 2087 115
814 1 qua4 2510 2513 2086 2087
815 1 qua4 2513 2516 2085 2086
816 1 qua4 114 2084 2508 783
817 1 qua4 783 2508 2509 784
818 1 qua4 784 2509 2510 785
819 1 qua4 2084 2083 2511 2508
820 1 qua4 2508 2511 2512 2509
821 1 qua4 2509 2512 2513 2510
822 1 qua4 2083 2082 2514 2511
823 1 qua4 2511 2514 2515 2512
824 1 qua4 2512 2515 2516 2513
825 1 qua4 2082 121 804 2514
826 1 qua4 2514 804 805 2515
827 1 qua4 2515 805 806 2516
828 1 qua4 782 2519 2084 114
829 1 qua4 2519 2522 2083 2084
830 1 qua4 2522 2525 2082 2083
831 1 qua4 113 2081 2517 780
832 1 qua4 780 2517 2518 781
833 1 qua4 781 2518 2519 782
834 1 qua4 2081 2080 2520 2517
835 1 qua4 2517 2520 2521 2518
836 1 qua4 2518 2521 2522 2519
837 1 qua4 2080 2079 2523 2520
838 1 qua4 2520 2523 2524 2521
839 1 qua4 2521 2524 2525 2522
840 1 qua4 2079 120 801 2523
841 1 qua4 2523 801 802 2524
842 1 qua4 2524 802 803 2525
843 1 qua4 779 2528 2081 113
844 1 qua4 2528 2531 2080 2081
845 1 qua4 2531 2534 2079 2080
846 1 qua4 112 2078 2526 777
847 1 qua4 777 2526 2527 778
848 1 qua4 778 2527 2528 779
849 1 qua4 2078 2077 2529 2526
850 1 qua4 2526 2529 2530 2527
851 1 qua4 2527 2530 2531 2528
852 1 qua4 2077 2076 2532 2529
853 1 qua4 2529 2532 2533 2530
854 1 qua4 2530 2533 2534 2531
855 1 qua4 2076 119 798 2532
856 1 qua4 2532 798 799 2533
857 1 qua4 2533 799 800 2534
858 1 qua4 776 2537 2078 112
859 1 qua4 2537 2540 2077 2078
860 1 qua4 2540 2543 2076 2077
861 1 qua4 111 2075 2535 774
862 1 qua4 774 2535 2536 775
863 1 qua4 775 2536 2537 776
864 1 qua4 2075 2074 2538 2535
865 1 qua4 2535 2538 2539 2536
866 1 qua4 2536 2539 2540 2537
867 1 qua4 2074 2073 2541 2538
868 1 qua4 2538 2541 2542 2539
869 1 qua4 2539 2542 2543 2540
870 1 qua4 2073 118 795 2541
871 1 qua4 2541 795 796 2542
872 1 qua4 2542 796 797 2543
873 1 qua4 773 2546 2075 111
874 1 qua4 2546 2549 2074 2075
875 1 qua4 2549 2552 2073 2074
876 1 qua4 110 2072 2544 771
877 1 qua4 771 2544 2545 772
878 1 qua4 772 2545 2546 773
879 1 qua4 2072 2071 2547 2544
880 1 qua4 2544 2547 2548 2545
881 1 qua4 2545 2548 2549 2546
882 1 qua4 2071 2070 2550 2547
883 1 qua4 2547 2550 2551 2548
884 1 qua4 2548 2551 2552 2549
885 1 qua4 2070 117 792 2550
886 1 qua4 2550 792 793 2551
887 1 qua4 2551 793 794 2552
888 1 qua4 770 2555 2072 110
889 1 qua4 2555 2558 2071 2072
890 1 qua4 2558 2561 2070 2071
891 1 qua4 109 2069 2553 768
892 1 qua4 768 2553 2554 769
893 1 qua4 769 2554 2555 770
894 1 qua4 2069 2068 2556 2553
895 1 qua4 2553 2556 2557 2554
896 1 qua4 2554 2557 2558 2555
897 1 qua4 2068 2067 2559 2556
898 1 qua4 2556 2559 2560 2557
899 1 qua4 2557 2560 2561 2558
900 1 qua4 2067 116 789 2559
901 1 qua4 2559 789 790 2560
902 1 qua4 2560 790 791 2561
903 1 qua4 767 2564 2069 109
904 1 qua4 2564 2567 2068 2069
905 1 qua4 2567 2570 2067 2068
906 1 qua4 6 354 2562 765
907 1 qua4 765 2562 2563 766
908 1 qua4 766 2563 2564 767
909 1 qua4 354 355 2565 2562
910 1 qua4 2562 2565 2566 2563
911 1 qua4 2563 2566 2567 2564
912 1 qua4 355 356 2568 2565
913 1 qua4 2565 2568 2569 2566
914 1 qua4 2566 2569 2570 2567
915 1 qua4 356 7 786 2568
916 1 qua4 2568 786 787 2569
917 1 qua4 2569 787 788 2570
918 1 qua4 806 2573 2066 122
919 1 qua4 2573 2576 2065 2066
920 1 qua4 2576 2579 2064 2065
921 1 qua4 121 2063 2571 804
922 1 qua4 804 2571 2572 805
923 1 qua4 805 2572 2573 806
924 1 qua4 2063 2062 2574 2571
925 1 qua4 2571 2574 2575 2572
926 1 qua4 2572 2575 2576 2573
927 1 qua4 2062 2061 2577 2574
928 1 qua4 2574 2577 2578 2575
929 1 qua4 2575 2578 2579 2576
930 1 qua4 2061 128 825 2577
931 1 qua4 2577 825 826 2578
932 1 qua4 2578 826 827 2579
933 1 qua4 803 2582 2063 121
934 1 qua4 2582 2585 2062 2063
935 1 qua4 2585 2588 2061 2062
936 1 qua4 120 2060 2580 801
937 1 qua4 801 2580 2581 802
938 1 qua4 802 2581 2582 803
939 1 qua4 2060 2059 2583 2580
940 1 qua4 2580 2583 2584 2581
941 1 qua4 2581 2584 2585 2582
942 1 qua4 2059 2058 2586 2583
943 1 qua4 2583 2586 2587 2584
944 1 qua4 2584 2587 2588 2585
945 1 qua4 2058 127 822 2586
946 1 qua4 2586 822 823 2587
947 1 qua4 2587 823 824 2588
948 1 qua4 800 2591 2060 120
949 1 qua4 2591 2594 2059 2060
950 1 qua4 2594 2597 2058 2059
951 1 qua4 119 2057 2589 798
952 1 qua4 798 2589 2590 799
953 1 qua4 799 2590 2591 800
954 1 qua4 2057 2056 2592 2589
955 1 qua4 2589 2592 2593 2590
956 1 qua4 2590 2593 2594 2591
957 1 qua4 2056 2055 2595 2592
958 1 qua4 2592 2595 2596 2593
959 1 qua4 2593 2596 2597 2594
960 1 qua4 2055 126 819 2595
961 1 qua4 2595 819 820 2596
962 1 qua4 2596 820 821 2597
963 1 qua4 797 2600 2057 119
964 1 qua4 2600 2603 2056 2057
965 1 qua4 2603 2606 2055 2056
966 1 qua4 118 2054 2598 795
967 1 qua4 795 2598 2599 796
968 1 qua4 796 2599 2600 797
969 1 qua4 2054 2053 2601 2598
970 1 qua4 2598 2601 2602 2599
971 1 qua4 2599 2602 2603 2600
972 1 qua4 2053 2052 2604 2601
973 1 qua4 2601 2604 2605 2602
974 1 qua4 2602 2605 2606 2603
975 1 qua4 2052 125 816 2604
976 1 qua4 2604 816 817 2605
977 1 qua4 2605 817 818 2606
978 1 qua4 794 2609 2054 118
979 1 qua4 2609 2612 2053 2054
980 1 qua4 2612 2615 2052 2053
981 1 qua4 117 2051 2607 792
982 1 qua4 792 2607 2608 793
983 1 qua4 793 2608 2609 794
984 1 qua4 2051 2050 2610 2607
985 1 qua4 2607 2610 2611 2608
986 1 qua4 2608 2611 2612 2609
987 1 qua4 2050 2049 2613 2610
988 1 qua4 2610 2613 2614 2611
989 1 qua4 2611 2614 2615 2612
990 1 qua4 2049 124 813 2613
991 1 qua4 2613 813 814 2614
992 1 qua4 2614 814 815 2615
993 1 qua4 791 2618 2051 117
994 1 qua4 2618 2621 2050 2051
995 1 qua4 2621 2624 2049 2050
996 1 qua4 116 2048 2616 789
997 1 qua4 789 2616 2617 790
998 1 qua4 790 2617 2618 791
999 1 qua4 2048 2047 2619 2616
1000 1 qua4 2616 2619 2620 2617
1001 1 qua4 2617 2620 2621 2618
1002 1 qua4 2047 2046 2622 2619
1003 1 qua4 2619 2622 2623 2620
1004 1 qua4 2620 2623 2624 2621
1005 1 qua4 2046 123 810 2622
1006 1 qua4 2622 810 811 2623
1007 1 qua4 2623 811 812 2624
1008 1 qua4 788 2627 2048 116
1009 1 qua4 2627 2630 2047 2048
1010 1 qua4 2630 2633 2046 2047
1011 1 qua4 7 357 2625 786
1012 1 qua4 786 2625 2626 787
1013 1 qua4 787 2626 2627 788
1014 1 qua4 357 358 2628 2625
1015 1 qua4 2625 2628 2629 2626
1016 1 qua4 2626 2629 2630 2627
1017 1 qua4 358 359 2631 2628
1018 1 qua4 2628 2631 2632 2629
1019 1 qua4 2629 2632 2633 2630
1020 1 qua4 359 8 807 2631
1021 1 qua4 2631 807 808 2632
1022 1 qua4 2632 808 809 2633
1023 1 qua4 827 2636 2045 129
1024 1 qua4 2636 2639 2044 2045
1025 1 qua4 2639 2642 2043 2044
1026 1 qua4 128 2042 2634 825
1027 1 qua4 825 2634 2635 826
1028 1 qua4 826 2635 2636 827
1029 1 qua4 2042 2041 2637 2634
1030 1 qua4 2634 2637 2638 2635
1031 1 qua4 2635 2638 2639 2636
1032 1 qua4 2041 2040 2640 2637
1033 1 qua4 2637 2640 2641 2638
1034 1 qua4 2638 2641 2642 2639
1035 1 qua4 2040 135 846 2640
1036 1 qua4 2640 846 847 2641
1037 1 qua4 2641 847 848 2642
1038 1 qua4 824 2645 2042 128
1039 1 qua4 2645 2648 2041 2042
1040 1 qua4 2648 2651 2040 2041
1041 1 qua4 127 2039 2643 822
1042 1 qua4 822 2643 2644 823
1043 1 qua4 823 2644 2645 824
1044 1 qua4 2039 2038 2646 2643
1045 1 qua4 2643 2646 2647 2644
1046 1 qua4 2644 2647 2648 2645
1047 1 qua4 2038 2037 2649 2646
1048 1 qua4 2646 2649 2650 2647
1049 1 qua4 2647 2650 2651 2648
1050 1 qua4 2037 134 843 2649
1051 1 qua4 2649 843 844 2650
1052 1 qua4 2650 844 845 2651
1053 1 qua4 821 2654 2039 127
1054 1 qua4 2654 2657 2038 2039
1055 1 qua4 2657 2660 2037 2038
1056 1 qua4 126 2036 2652 819
1057 1 qua4 819 2652 2653 820
1058 1 qua4 820 2653 2654 821
1059 1 qua4 2036 2035 2655 2652
1060 1 qua4 2652 2655 2656 2653
1061 1 qua4 2653 2656 2657 2654
1062 1 qua4 2035 2034 2658 2655
1063 1 qua4 2655 2658 2659 2656
1064 1 qua4 2656 2659 2660 2657
1065 1 qua4 2034 133 840 2658
1066 1 qua4 2658 840 841 2659
1067 1 qua4 2659 841 842 2660
1068 1 qua4 818 2663 2036 126
1069 1 qua4 2663 2666 2035 2036
1070 1 qua4 2666 2669 2034 2035
1071 1 qua4 125 2033 2661 816
1072 1 qua4 816 2661 2662 817
1073 1 qua4 817 2662 2663 818
1074 1 qua4 2033 2032 2664 2661
1075 1 qua4 2661 2664 2665 2662
1076 1 qua4 2662 2665 2666 2663
1077 1 qua4 2032 2031 2667 2664
1078 1 qua4 2664 2667 2668 2665
1079 1 qua4 2665 2668 2669 2666
1080 1 qua4 2031 132 837 2667
1081 1 qua4 2667 837 838 2668
1082 1 qua4 2668 838 839 2669
1083 1 qua4 815 2672 2033 125
1084 1 qua4 2672 2675 2032 2033
1085 1 qua4 2675 2678 2031 2032
1086 1 qua4 124 2030 2670 813
1087 1 qua4 813 2670 2671 814
1088 1 qua4 814 2671 2672 815
1089 1 qua4 2030 2029 2673 2670
1090 1 qua4 2670 2673 2674 2671
1091 1 qua4 2671 2674 2675 2672
1092 1 qua4 2029 2028 2676 2673
1093 1 qua4 2673 2676 2677 2674
1094 1 qua4 2674 2677 2678 2675
1095 1 qua4 2028 131 834 2676
1096 1 qua4 2676 834 835 2677
1097 1 qua4 2677 835 836 2678
1098 1 qua4 812 2681 2030 124
1099 1 qua4 2681 2684 2029 2030
1100 1 qua4 2684 2687 2028 2029
1101 1 qua4 123 2027 2679 810
1102 1 qua4 810 2679 2680 811
1103 1 qua4 811 2680 2681 812
1104 1 qua4 2027 2026 2682 2679
1105 1 qua4 2679 2682 2683 2680
1106 1 qua4 2680 2683 2684 2681
1107 1 qua4 2026 2025 2685 2682
1108 1 qua4 2682 2685 2686 2683
1109 1 qua4 2683 2686 2687 2684
1110 1 qua4 2025 130 831 2685
1111 1 qua4 2685 831 832 2686
1112 1 qua4 2686 832 833 2687
1113 1 qua4 809 2690 2027 123
1114 1 qua4 2690 2693 2026 2027
1115 1 qua4 2693 2696 2025 2026
1116 1 qua4 8 360 2688 807
1117 1 qua4 807 2688 2689 808
1118 1 qua4 808 2689 2690 809
1119 1 qua4 360 361 2691 2688
1120 1 qua4 2688 2691 2692 2689
1121 1 qua4 2689 2692 2693 2690
1122 1 qua4 361 362 2694 2691
1123 1 qua4 2691 2694 2695 2692
1124 1 qua4 2692 2695 2696 2693
1125 1 qua4 362 9 828 2694
1126 1 qua4 2694 828 829 2695
1127 1 qua4 2695 829 830 2696
1128 1 qua4 848 2699 2024 136
1129 1 qua4 2699 2702 2023 2024
1130 1 qua4 2702 2705 2022 2023
1131 1 qua4 135 2021 2697 846
1132 1 qua4 846 2697 2698 847
1133 1 qua4 847 2698 2699 848
1134 1 qua4 2021 2020 2700 2697
1135 1 qua4 2697 2700 2701 2698
1136 1 qua4 2698 2701 2702 2699
1137 1 qua4 2020 2019 2703 2700
1138 1 qua4 2700 2703 2704 2701
1139 1 qua4 2701 2704 2705 2702
1140 1 qua4 2019 142 867 2703
1141 1 qua4 2703 867 868 2704
1142 1 qua4 2704 868 869 2705
1143 1 qua4 845 2708 2021 135
1144 1 qua4 2708 2711 2020 2021
1145 1 qua4 2711 2714 2019 2020
1146 1 qua4 134 2018 2706 843
1147 1 qua4 843 2706 2707 844
1148 1 qua4 844 2707 2708 845
1149 1 qua4 2018 2017 2709 2706
1150 1 qua4 2706 2709 2710 2707
1151 1 qua4 2707 2710 2711 2708
1152 1 qua4 2017 2016 2712 2709
1153 1 qua4 2709 2712 2713 2710
1154 1 qua4 2710 2713 2714 2711
1155 1 qua4 2016 141 864 2712
1156 1 qua4 2712 864 865 2713
1157 1 qua4 2713 865 866 2714
1158 1 qua4 842 2717 2018 134
1159 1 qua4 2717 2720 2017 2018
1160 1 qua4 2720 2723 2016 2017
1161 1 qua4 133 2015 2715 840
1162 1 qua4 840 2715 2716 841
1163 1 qua4 841 2716 2717 842
1164 1 qua4 2015 2014 2718 2715
1165 1 qua4 2715 2718 2719 2716
1166 1 qua4 2716 2719 2720 2717
1167 1 qua4 2014 2013 2721 2718
1168 1 qua4 2718 2721 2722 2719
1169 1 qua4 2719 2722 2723 2720
1170 1 qua4 2013 140 861 2721
1171 1 qua4 2721 861 862 2722
1172 1 qua4 2722 862 863 2723
1173 1 qua4 839 2726 2015 133
1174 1 qua4 2726 2729 2014 2015
1175 1 qua4 2729 2732 2013 2014
1176 1 qua4 132 2012 2724 837
1177 1 qua4 837 2724 2725 838
1178 1 qua4 838 2725 2726 839
1179 1 qua4 2012 2011 2727 2724
1180 1 qua4 2724 2727 2728 2725
1181 1 qua4 2725 2728 2729 2726
1182 1 qua4 2011 2010 2730 2727
1183 1 qua4 2727 2730 2731 2728
1184 1 qua4 2728 2731 2732 2729
1185 1 qua4 2010 139 858 2730
1186 1 qua4 2730 858 859 2731
1187 1 qua4 2731 859 860 2732
1188 1 qua4 836 2735 2012 132
1189 1 qua4 2735 2738 2011 2012
1190 1 qua4 2738 2741 2010 2011
1191 1 qua4 131 2009 2733 834
1192 1 qua4 834 2733 2734 835
1193 1 qua4 835 2734 2735 836
1194 1 qua4 2009 2008 2736 2733
1195 1 qua4 2733 2736 2737 2734
1196 1 qua4 2734 2737 2738 2735
1197 1 qua4 2008 2007 2739 2736
1198 1 qua4 2736 2739 2740 2737
1199 1 qua4 2737 2740 2741 2738
1200 1 qua4 2007 138 855 2739
1201 1 qua4 2739 855 856 2740
1202 1 qua4 2740 856 857 2741
1203 1 qua4 833 2744 2009 131
1204 1 qua4 2744 2747 2008 2009
1205 1 qua4 2747 2750 2007 2008
1206 1 qua4 130 2006 2742 831
1207 1 qua4 831 2742 2743 832
1208 1 qua4 832 2743 2744 833
1209 1 qua4 2006 2005 2745 2742
1210 1 qua4 2742 2745 2746 2743
1211 1 qua4 2743 2746 2747 2744
1212 1 qua4 2005 2004 2748 2745
1213 1 qua4 2745 2748 2749 2746
1214 1 qua4 2746 2749 2750 2747
1215 1 qua4 2004 137 852 2748
1216 1 qua4 2748 852 853 2749
1217 1 qua4 2749 853 854 2750
1218 1 qua4 830 2753 2006 130
1219 1 qua4 2753 2756 2005 2006
1220 1 qua4 2756 2759 2004 2005
1221 1 qua4 9 363 2751 828
1222 1 qua4 828 2751 2752 829
1223 1 qua4 829 2752 2753 830
1224 1 qua4 363 364 2754 2751
1225 1 qua4 2751 2754 2755 2752
1226 1 qua4 2752 2755 2756 2753
1227 1 qua4 364 365 2757 2754
1228 1 qua4 2754 2757 2758 2755
1229 1 qua4 2755 2758 2759 2756
1230 1 qua4 365 10 849 2757
1231 1 qua4 2757 849 850 2758
1232 1 qua4 2758 850 851 2759
1233 1 qua4 869 2762 2003 143
1234 1 qua4 2762 2765 2002 2003
1235 1 qua4 2765 2768 2001 2002
1236 1 qua4 142 2000 2760 867
1237 1 qua4 867 2760 2761 868
1238 1 qua4 868 2761 2762 869
1239 1 qua4 2000 1999 2763 2760
1240 1 qua4 2760 2763 2764 2761
1241 1 qua4 2761 2764 2765 2762
1242 1 qua4 1999 1998 2766 2763
1243 1 qua4 2763 2766 2767 2764
1244 1 qua4 2764 2767 2768 2765
1245 1 qua4 1998 149 888 2766
1246 1 qua4 2766 888 889 2767
1247 1 qua4 2767 889 890 2768
1248 1 qua4 866 2771 2000 142
1249 1 qua4 2771 2774 1999 2000
1250 1 qua4 2774 2777 1998 1999
1251 1 qua4 141 1997 2769 864
1252 1 qua4 864 2769 2770 865
1253 1 qua4 865 2770 2771 866
1254 1 qua4 1997 1996 2772 2769
1255 1 qua4 2769 2772 2773 2770
1256 1 qua4 2770 2773 2774 2771
1257 1 qua4 1996 1995 2775 2772
1258 1 qua4 2772 2775 2776 2773
1259 1 qua4 2773 2776 2777 2774
1260 1 qua4 1995 148 885 2775
1261 1 qua4 2775 885 886 2776
1262 1 qua4 2776 886 887 2777
1263 1 qua4 863 2780 1997 141
1264 1 qua4 2780 2783 1996 1997
1265 1 qua4 2783 2786 1995 1996
1266 1 qua4 140 1994 2778 861
1267 1 qua4 861 2778 2779 862
1268 1 qua4 862 2779 2780 863
1269 1 qua4 1994 1993 2781 2778
1270 1 qua4 2778 2781 2782 2779
1271 1 qua4 2779 2782 2783 2780
1272 1 qua4 1993 1992 2784 2781
1273 1 qua4 2781 2784 2785 2782
1274 1 qua4 2782 2785 2786 2783
1275 1 qua4 1992 147 882 2784
1276 1 qua4 2784 882 883 2785
1277 1 qua4 2785 883 884 2786
1278 1 qua4 860 2789 1994 140
1279 1 qua4 2789 2792 1993 1994
1280 1 qua4 2792 2795 1992 1993
1281 1 qua4 139 1991 2787 858
1282 1 qua4 858 2787 2788 859
1283 1 qua4 859 2788 2789 860
1284 1 qua4 1991 1990 2790 2787
1285 1 qua4 2787 2790 2791 2788
1286 1 qua4 2788 2791 2792 2789
1287 1 qua4 1990 1989 2793 2790
1288 1 qua4 2790 2793 2794 2791
1289 1 qua4 2791 2794 2795 2792
1290 1 qua4 1989 146 879 2793
1291 1 qua4 2793 879 880 2794
1292 1 qua4 2794 880 881 2795
1293 1 qua4 857 2798 1991 139
1294 1 qua4 2798 2801 1990 1991
1295 1 qua4 2801 2804 1989 1990
1296 1 qua4 138 1988 2796 855
1297 1 qua4 855 2796 2797 856
1298 1 qua4 856 2797 2798 857
1299 1 qua4 1988 1987 2799 2796
1300 1 qua4 2796 2799 2800 2797
1301 1 qua4 2797 2800 2801 2798
1302 1 qua4 1987 1986 2802 2799
1303 1 qua4 2799 2802 2803 2800
1304 1 qua4 2800 2803 2804 2801
1305 1 qua4 1986 145 876 2802
1306 1 qua4 2802 876 877 2803
1307 1 qua4 2803 877 878 2804
1308 1 qua4 854 2807 1988 138
1309 1 qua4 2807 2810 1987 1988
1310 1 qua4 2810 2813 1986 1987
1311 1 qua4 137 1985 2805 852
1312 1 qua4 852 2805 2806 853
1313 1 qua4 853 2806 2807 854
1314 1 qua4 1985 1984 2808 2805
1315 1 qua4 2805 2808 2809 2806
1316 1 qua4 2806 2809 2810 2807
1317 1 qua4 1984 1983 2811 2808
1318 1 qua4 2808 2811 2812 2809
1319 1 qua4 2809 2812 2813 2810
1320 1 qua4 1983 144 873 2811
1321 1 qua4 2811 873 874 2812
1322 1 qua4 2812 874 875 2813
1323 1 qua4 851 2816 1985 137
1324 1 qua4 2816 2819 1984 1985
1325 1 qua4 2819 2822 1983 1984
1326 1 qua4 10 366 2814 849
1327 1 qua4 849 2814 2815 850
1328 1 qua4 850 2815 2816 851
1329 1 qua4 366 367 2817 2814
1330 1 qua4 2814 2817 2818 2815
1331 1 qua4 2815 2818 2819 2816
1332 1 qua4 367 368 2820 2817
1333 1 qua4 2817 2820 2821 2818
1334 1 qua4 2818 2821 2822 2819
1335 1 qua4 368 11 870 2820
1336 1 qua4 2820 870 871 2821
1337 1 qua4 2821 871 872 2822
1338 1 qua4 890 2825 1982 150
1339 1 qua4 2825 2828 1981 1982
1340 1 qua4 2828 2831 1980 1981
1341 1 qua4 149 1979 2823 888
1342 1 qua4 888 2823 2824 889
1343 1 qua4 889 2824 2825 890
1344 1 qua4 1979 1978 2826 2823
1345 1 qua4 2823 2826 2827 2824
1346 1 qua4 2824 2827 2828 2825
1347 1 qua4 1978 1977 2829 2826
1348 1 qua4 2826 2829 2830 2827
1349 1 qua4 2827 2830 2831 2828
1350 1 qua4 1977 156 909 2829
1351 1 qua4 2829 909 910 2830
1352 1 qua4 2830 910 911 2831
1353 1 qua4 887 2834 1979 149
1354 1 qua4 2834 2837 1978 1979
1355 1 qua4 2837 2840 1977 1978
1356 1 qua4 148 1976 2832 885
1357 1 qua4 885 2832 2833 886
1358 1 qua4 886 2833 2834 887
1359 1 qua4 1976 1975 2835 2832
1360 1 qua4 2832 2835 2836 2833
1361 1 qua4 2833 2836 2837 2834
1362 1 qua4 1975 1974 2838 2835
1363 1 qua4 2835 2838 2839 2836
1364 1 qua4 2836 2839 2840 2837
1365 1 qua4 1974 155 906 2838
1366 1 qua4 2838 906 907 2839
1367 1 qua4 2839 907 908 2840
1368 1 qua4 884 2843 1976 148
1369 1 qua4 2843 2846 1975 1976
1370 1 qua4 2846 2849 1974 1975
1371 1 qua4 147 1973 2841 882
1372 1 qua4 882 2841 2842 883
1373 1 qua4 883 2842 2843 884
1374 1 qua4 1973 1972 2844 2841
1375 1 qua4 2841 2844 2845 2842
1376 1 qua4 2842 2845 2846 2843
1377 1 qua4 1972 1971 2847 2844
1378 1 qua4 2844 2847 2848 2845
1379 1 qua4 2845 2848 2849 2846
1380 1 qua4 1971 154 903 2847
1381 1 qua4 2847 903 904 2848
1382 1 qua4 2848 904 905 2849
1383 1 qua4 881 2852 1973 147
1384 1 qua4 2852 2855 1972 1973
1385 1 qua4 2855 2858 1971 1972
1386 1 qua4 146 1970 2850 879
1387 1 qua4 879 2850 2851 880
1388 1 qua4 880 2851 2852 881
1389 1 qua4 1970 1969 2853 2850
1390 1 qua4 2850 2853 2854 2851
1391 1 qua4 2851 2854 2855 2852
1392 1 qua4 1969 1968 2856 2853
1393 1 qua4 2853 2856 2857 2854
1394 1 qua4 2854 2857 2858 2855
1395 1 qua4 1968 153 900 2856
1396 1 qua4 2856 900 901 2857
1397 1 qua4 2857 901 902 2858
1398 1 qua4 878 2861 1970 146
1399 1 qua4 2861 2864 1969 1970
1400 1 qua4 2864 2867 1968 1969
1401 1 qua4 145 1967 2859 876
1402 1 qua4 876 2859 2860 877
1403 1 qua4 877 2860 2861 878
1404 1 qua4 1967 1966 2862 2859
1405 1 qua4 2859 2862 2863 2860
1406 1 qua4 2860 2863 2864 2861
1407 1 qua4 1966 1965 2865 2862
1408 1 qua4 2862 2865 2866 2863
1409 1 qua4 2863 2866 2867 2864
1410 1 qua4 1965 152 897 2865
1411 1 qua4 2865 897 898 2866
1412 1 qua4 2866 898 899 2867
1413 1 qua4 875 2870 1967 145
1414 1 qua4 2870 2873 1966 1967
1415 1 qua4 2873 2876 1965 1966
1416 1 qua4 144 1964 2868 873
1417 1 qua4 873 2868 2869 874
1418 1 qua4 874 2869 2870 875
1419 1 qua4 1964 1963 2871 2868
1420 1 qua4 2868 2871 2872 2869
1421 1 qua4 2869 2872 2873 2870
1422 1 qua4 1963 1962 2874 2871
1423 1 qua4 2871 2874 2875 2872
1424 1 qua4 2872 2875 2876 2873
1425 1 qua4 1962 151 894 2874
1426 1 qua4 2874 894 895 2875
1427 1 qua4 2875 895 896 2876
1428 1 qua4 872 2879 1964 144
1429 1 qua4 2879 2882 1963 1964
1430 1 qua4 2882 2885 1962 1963
1431 1 qua4 11 369 2877 870
1432 1 qua4 870 2877 2878 871
1433 1 qua4 871 2878 2879 872
1434 1 qua4 369 370 2880 2877
1435 1 qua4 2877 2880 2881 2878
1436 1 qua4 2878 2881 2882 2879
1437 1 qua4 370 371 2883 2880
1438 1 qua4 2880 2883 2884 2881
1439 1 qua4 2881 2884 2885 2882
1440 1 qua4 371 12 891 2883
1441 1 qua4 2883 891 892 2884
1442 1 qua4 2884 892 893 2885
1443 1 qua4 911 2888 1961 157
1444 1 qua4 2888 2891 1960 1961
1445 1 qua4 2891 2894 1959 1960
1446 1 qua4 156 1958 2886 909
1447 1 qua4 909 2886 2887 910
1448 1 qua4 910 2887 2888 911
1449 1 qua4 1958 1957 2889 2886
1450 1 qua4 2886 2889 2890 2887
1451 1 qua4 2887 2890 2891 2888
1452 1 qua4 1957 1956 2892 2889
1453 1 qua4 2889 2892 2893 2890
1454 1 qua4 2890 2893 2894 2891
1455 1 qua4 1956 163 930 2892
1456 1 qua4 2892 930 931 2893
1457 1 qua4 2893 931 932 2894
1458 1 qua4 908 2897 1958 156
1459 1 qua4 2897 2900 1957 1958
1460 1 qua4 2900 2903 1956 1957
1461 1 qua4 155 1955 2895 906
1462 1 qua4 906 2895 2896 907
1463 1 qua4 907 2896 2897 908
1464 1 qua4 1955 1954 2898 2895
1465 1 qua4 2895 2898 2899 2896
1466 1 qua4 2896 2899 2900 2897
1467 1 qua4 1954 1953 2901 2898
1468 1 qua4 2898 2901 2902 2899
1469 1 qua4 2899 2902 2903 2900
1470 1 qua4 1953 162 927 2901
1471 1 qua4 2901 927 928 2902
1472 1 qua4 2902 928 929 2903
1473 1 qua4 905 2906 1955 155
1474 1 qua4 2906 2909 1954 1955
1475 1 qua4 2909 2912 1953 1954
1476 1 qua4 154 1952 2904 903
1477 1 qua4 903 2904 2905 904
1478 1 qua4 904 2905 2906 905
1479 1 qua4 1952 1951 2907 2904
1480 1 qua4 2904 2907 2908 2905
1481 1 qua4 2905 2908 2909 2906
1482 1 qua4 1951 1950 2910 2907
1483 1 qua4 2907 2910 2911 2908
1484 1 qua4 2908 2911 2912 2909
1485 1 qua4 1950 161 924 2910
1486 1 qua4 2910 924 925 2911
1487 1 qua4 2911 925 926 2912
1488 1 qua4 902 2915 1952 154
1489 1 qua4 2915 2918 1951 1952
1490 1 qua4 2918 2921 1950 1951
1491 1 qua4 153 1949 2913 900
1492 1 qua4 900 2913 2914 901
1493 1 qua4 901 2914 2915 902
1494 1 qua4 1949 1948 2916 2913
1495 1 qua4 2913 2916 2917 2914
1496 1 qua4 2914 2917 2918 2915
1497 1 qua4 1948 1947 2919 2916
1498 1 qua4 2916 2919 2920 2917
1499 1 qua4 2917 2920 2921 2918
1500 1 qua4 1947 160 921 2919
1501 1 qua4 2919 921 922 2920
1502 1 qua4 2920 922 923 2921
1503 1 qua4 899 2924 1949 153
1504 1 qua4 2924 2927 1948 1949
1505 1 qua4 2927 2930 1947 1948
1506 1 qua4 152 1946 2922 897
1507 1 qua4 897 2922 2923 898
1508 1 qua4 898 2923 2924 899
1509 1 qua4 1946 1945 2925 2922
1510 1 qua4 2922 2925 2926 2923
1511 1 qua4 2923 2926 2927 2924
1512 1 qua4 1945 1944 2928 2925
1513 1 qua4 2925 2928 2929 2926
1514 1 qua4 2926 2929 2930 2927
1515 1 qua4 1944 159 918 2928
1516 1 qua4 2928 918 919 2929
1517 1 qua4 2929 919 920 2930
1518 1 qua4 896 2933 1946 152
1519 1 qua4 2933 2936 1945 1946
1520 1 qua4 2936 2939 1944 1945
1521 1 qua4 151 1943 2931 894
1522 1 qua4 894 2931 2932 895
1523 1 qua4 895 2932 2933 896
1524 1 qua4 1943 1942 2934 2931
1525 1 qua4 2931 2934 2935 2932
1526 1 qua4 2932 2935 2936 2933
1527 1 qua4 1942 1941 2937 2934
1528 1 qua4 2934 2937 2938 2935
1529 1 qua4 2935 2938 2939 2936
1530 1 qua4 1941 158 915 2937
1531 1 qua4 2937 915 916 2938
1532 1 qua4 2938 916 917 2939
1533 1 qua4 893 2942 1943 151
1534 1 qua4 2942 2945 1942 1943
1535 1 qua4 2945 2948 1941 1942
1536 1 qua4 12 372 2940 891
1537 1 qua4 891 2940 2941 892
1538 1 qua4 892 2941 2942 893
1539 1 qua4 372 373 2943 2940
1540 1 qua4 2940 2943 2944 2941
1541 1 qua4 2941 2944 2945 2942
1542 1 qua4 373 374 2946 2943
1543 1 qua4 2943 2946 2947 2944
1544 1 qua4 2944 2947 2948 2945
1545 1 qua4 374 13 912 2946
1546 1 qua4 2946 912 913 2947
1547 1 qua4 2947 913 914 2948
1548 1 qua4 932 2951 1940 164
1549 1 qua4 2951 2954 1939 1940
1550 1 qua4 2954 2957 1938 1939
1551 1 qua4 163 1937 2949 930
1552 1 qua4 930 2949 2950 931
1553 1 qua4 931 2950 2951 932
1554 1 qua4 1937 1936 2952 2949
1555 1 qua4 2949 2952 2953 2950
1556 1 qua4 2950 2953 2954 2951
1557 1 qua4 1936 1935 2955 2952
1558 1 qua4 2952 2955 2956 2953
1559 1 qua4 2953 2956 2957 2954
1560 1 qua4 1935 170 951 2955
1561 1 qua4 2955 951 952 2956
1562 1 qua4 2956 952 953 2957
1563 1 qua4 929 2960 1937 163
1564 1 qua4 2960 2963 1936 1937
1565 1 qua4 2963 2966 1935 1936
1566 1 qua4 162 1934 2958 927
1567 1 qua4 927 2958 2959 928
1568 1 qua4 928 2959 2960 929
1569 1 qua4 1934 1933 2961 2958
1570 1 qua4 2958 2961 2962 2959
1571 1 qua4 2959 2962 2963 2960
1572 1 qua4 1933 1932 2964 2961
1573 1 qua4 2961 2964 2965 2962
1574 1 qua4 2962 2965 2966 2963
1575 1 qua4 1932 169 948 2964
1576 1 qua4 2964 948 949 2965
1577 1 qua4 2965 949 950 2966
1578 1 qua4 926 2969 1934 162
1579 1 qua4 2969 2972 1933 1934
1580 1 qua4 2972 2975 1932 1933
1581 1 qua4 161 1931 2967 924
1582 1 qua4 924 2967 2968 925
1583 1 qua4 925 2968 2969 926
1584 1 qua4 1931 1930 2970 2967
1585 1 qua4 2967 2970 2971 2968
1586 1 qua4 2968 2971 2972 2969
1587 1 qua4 1930 1929 2973 2970
1588 1 qua4 2970 2973 2974 2971
1589 1 qua4 2971 2974 2975 2972
1590 1 qua4 1929 168 945 2973
1591 1 qua4 2973 945 946 2974
1592 1 qua4 2974 946 947 2975
1593 1 qua4 923 2978 1931 161
1594 1 qua4 2978 2981 1930 1931
1595 1 qua4 2981 2984 1929 1930
1596 1 qua4 160 1928 2976 921
1597 1 qua4 921 2976 2977 922
1598 1 qua4 922 2977 2978 923
1599 1 qua4 1928 1927 2979 2976
1600 1 qua4 2976 2979 2980 2977
1601 1 qua4 2977 2980 2981 2978
1602 1 qua4 1927 1926 2982 2979
1603 1 qua4 2979 2982 2983 2980
1604 1 qua4 2980 2983 2984 2981
1605 1 qua4 1926 167 942 2982
1606 1 qua4 2982 942 943 2983
1607 1 qua4 2983 943 944 2984
1608 1 qua4 920 2987 1928 160
1609 1 qua4 2987 2990 1927 1928
1610 1 qua4 2990 2993 1926 1927
1611 1 qua4 159 1925 2985 918
1612 1 qua4 918 2985 2986 919
1613 1 qua4 919 2986 2987 920
1614 1 qua4 1925 1924 2988 2985
1615 1 qua4 2985 2988 2989 2986
1616 1 qua4 2986 2989 2990 2987
1617 1 qua4 1924 1923 2991 2988
1618 1 qua4 2988 2991 2992 2989
1619 1 qua4 2989 2992 2993 2990
1620 1 qua4 1923 166 939 2991
1621 1 qua4 2991 939 940 2992
1622 1 qua4 2992 940 941 2993
1623 1 qua4 917 2996 1925 159
1624 1 qua4 2996 2999 1924 1925
1625 1 qua4 2999 3002 1923 1924
1626 1 qua4 158 1922 2994 915
1627 1 qua4 915 2994 2995 916
1628 1 qua4 916 2995 2996 917
1629 1 qua4 1922 1921 2997 2994
1630 1 qua4 2994 2997 2998 2995
1631 1 qua4 2995 2998 2999 2996
1632 1 qua4 1921 1920 3000 2997
1633 1 qua4 2997 3000 3001 2998
1634 1 qua4 2998 3001 3002 2999
1635 1 qua4 1920 165 936 3000
1636 1 qua4 3000 936 937 3001
1637 1 qua4 3001 937 938 3002
1638 1 qua4 914 3005 1922 158
1639 1 qua4 3005 3008 1921 1922
1640 1 qua4 3008 3011 1920 1921
1641 1 qua4 13 375 3003 912
1642 1 qua4 912 3003 3004 913
1643 1 qua4 913 3004 3005 914
1644 1 qua4 375 376 3006 3003
1645 1 qua4 3003 3006 3007 3004
1646 1 qua4 3004 3007 3008 3005
1647 1 qua4 376 377 3009 3006
1648 1 qua4 3006 3009 3010 3007
1649 1 qua4 3007 3010 3011 3008
1650 1 qua4 377 14 933 3009
1651 1 qua4 3009 933 934 3010
1652 1 qua4 3010 934 935 3011
1653 1 qua4 953 3014 1919 171
1654 1 qua4 3014 3017 1918 1919
1655 1 qua4 3017 3020 1917 1918
1656 1 qua4 170 1916 3012 951
1657 1 qua4 951 3012 3013 952
1658 1 qua4 952 3013 3014 953
1659 1 qua4 1916 1915 3015 3012
1660 1 qua4 3012 3015 3016 3013
1661 1 qua4 3013 3016 3017 3014
1662 1 qua4 1915 1914 3018 3015
1663 1 qua4 3015 3018 3019 3016
1664 1 qua4 3016 3019 3020 3017
1665 1 qua4 1914 177 972 3018
1666 1 qua4 3018 972 973 3019
1667 1 qua4 3019 973 974 3020
1668 1 qua4 950 3023 1916 170
1669 1 qua4 3023 3026 1915 1916
1670 1 qua4 3026 3029 1914 1915
1671 1 qua4 169 1913 3021 948
1672 1 qua4 948 3021 3022 949
1673 1 qua4 949 3022 3023 950
1674 1 qua4 1913 1912 3024 3021
1675 1 qua4 3021 3024 3025 3022
1676 1 qua4 3022 3025 3026 3023
1677 1 qua4 1912 1911 3027 3024
1678 1 qua4 3024 3027 3028 3025
1679 1 qua4 3025 3028 3029 3026
1680 1 qua4 1911 176 969 3027
1681 1 qua4 3027 969 970 3028
1682 1 qua4 3028 970 971 3029
1683 1 qua4 947 3032 1913 169
1684 1 qua4 3032 3035 1912 1913
1685 1 qua4 3035 3038 1911 1912
1686 1 qua4 168 1910 3030 945
1687 1 qua4 945 3030 3031 946
1688 1 qua4 946 3031 3032 947
1689 1 qua4 1910 1909 3033 3030
1690 1 qua4 3030 3033 3034 3031
1691 1 qua4 3031 3034 3035 3032
1692 1 qua4 1909 1908 3036 3033
1693 1 qua4 3033 3036 3037 3034
1694 1 qua4 3034 3037 3038 3035
1695 1 qua4 1908 175 966 3036
1696 1 qua4 3036 966 967 3037
1697 1 qua4 3037 967 968 3038
1698 1 qua4 944 3041 1910 168
1699 1 qua4 3041 3044 1909 1910
1700 1 qua4 3044 3047 1908 1909
1701 1 qua4 167 1907 3039 942
1702 1 qua4 942 3039 3040 943
1703 1 qua4 943 3040 3041 944
1704 1 qua4 1907 1906 3042 3039
1705 1 qua4 3039 3042 3043 3040
1706 1 qua4 3040 3043 3044 3041
1707 1 qua4 1906 1905 3045 3042
1708 1 qua4 3042 3045 3046 3043
1709 1 qua4 3043 3046 3047 3044
1710 1 qua4 1905 174 963 3045
1711 1 qua4 3045 963 964 3046
1712 1 qua4 3046 964 965 3047
1713 1 qua4 941 3050 1907 167
1714 1 qua4 3050 3053 1906 1907
1715 1 qua4 3053 3056 1905 1906
1716 1 qua4 166 1904 3048 939
1717 1 qua4 939 3048 3049 940
1718 1 qua4 940 3049 3050 941
1719 1 qua4 1904 1903 3051 3048
1720 1 qua4 3048 3051 3052 3049
1721 1 qua4 3049 3052 3053 3050
1722 1 qua4 1903 1902 3054 3051
1723 1 qua4 3051 3054 3055 3052
1724 1 qua4 3052 3055 3056 3053
1725 1 qua4 1902 173 960 3054
1726 1 qua4 3054 960 961 3055
1727 1 qua4 3055 961 962 3056
1728 1 qua4 938 3059 1904 166
1729 1 qua4 3059 3062 1903 1904
1730 1 qua4 3062 3065 1902 1903
1731 1 qua4 165 1901 3057 936
1732 1 qua4 936 3057 3058 937
1733 1 qua4 937 3058 3059 938
1734 1 qua4 1901 1900 3060 3057
1735 1 qua4 3057 3060 3061 3058
1736 1 qua4 3058 3061 3062 3059
1737 1 qua4 1900 1899 3063 3060
1738 1 qua4 3060 3063 3064 3061
1739 1 qua4 3061 3064 3065 3062
1740 1 qua4 1899 172 957 3063
1741 1 qua4 3063 957 958 3064
1742 1 qua4 3064 958 959 3065
1743 1 qua4 935 3068 1901 165
1744 1 qua4 3068 3071 1900 1901
1745 1 qua4 3071 3074 1899 1900
1746 1 qua4 14 378 3066 933
1747 1 qua4 933 3066 3067 934
1748 1 qua4 934 3067 3068 935
1749 1 qua4 378 379 3069 3066
1750 1 qua4 3066 3069 3070 3067
1751 1 qua4 3067 3070 3071 3068
1752 1 qua4 379 380 3072 3069
1753 1 qua4 3069 3072 3073 3070
1754 1 qua4 3070 3073 3074 3071
1755 1 qua4 380 15 954 3072
1756 1 qua4 3072 954 955 3073
1757 1 qua4 3073 955 956 3074
1758 1 qua4 974 3077 1898 178
1759 1 qua4 3077 3080 1897 1898
1760 1 qua4 3080 3083 1896 1897
1761 1 qua4 177 1895 3075 972
1762 1 qua4 972 3075 3076 973
1763 1 qua4 973 3076 3077 974
1764 1 qua4 1895 1894 3078 3075
1765 1 qua4 3075 3078 3079 3076
1766 1 qua4 3076 3079 3080 3077
1767 1 qua4 1894 1893 3081 3078
1768 1 qua4 3078 3081 3082 3079
1769 1 qua4 3079 3082 3083 3080
1770 1 qua4 1893 184 993 3081
1771 1 qua4 3081 993 994 3082
1772 1 qua4 3082 994 995 3083
1773 1 qua4 971 3086 1895 177
1774 1 qua4 3086 3089 1894 1895
1775 1 qua4 3089 3092 1893 1894
1776 1 qua4 176 1892 3084 969
1777 1 qua4 969 3084 3085 970
1778 1 qua4 970 3085 3086 971
1779 1 qua4 1892 1891 3087 3084
1780 1 qua4 3084 3087 3088 3085
1781 1 qua4 3085 3088 3089 3086
1782 1 qua4 1891 1890 3090 3087
1783 1 qua4 3087 3090 3091 3088
1784 1 qua4 3088 3091 3092 3089
1785 1 qua4 1890 183 990 3090
1786 1 qua4 3090 990 991 3091
1787 1 qua4 3091 991 992 3092
1788 1 qua4 968 3095 1892 176
1789 1 qua4 3095 3098 1891 1892
1790 1 qua4 3098 3101 1890 1891
1791 1 qua4 175 1889 3093 966
1792 1 qua4 966 3093 3094 967
1793 1 qua4 967 3094 3095 968
1794 1 qua4 1889 1888 3096 3093
1795 1 qua4 3093 3096 3097 3094
1796 1 qua4 3094 3097 3098 3095
1797 1 qua4 1888 1887 3099 3096
1798 1 qua4 3096 3099 3100 3097
1799 1 qua4 3097 3100 3101 3098
1800 1 qua4 1887 182 987 3099
1801 1 qua4 3099 987 988 3100
1802 1 qua4 3100 988 989 3101
1803 1 qua4 965 3104 1889 175
1804 1 qua4 3104 3107 1888 1889
1805 1 qua4 3107 3110 1887 1888
1806 1 qua4 174 1886 3102 963
1807 1 qua4 963 3102 3103 964
1808 1 qua4 964 3103 3104 965
1809 1 qua4 1886 1885 3105 3102
1810 1 qua4 3102 3105 3106 3103
1811 1 qua4 3103 3106 3107 3104
1812 1 qua4 1885 1884 3108 3105
1813 1 qua4 3105 3108 3109 3106
1814 1 qua4 3106 3109 3110 3107
1815 1 qua4 1884 181 984 3108
1816 1 qua4 3108 984 985 3109
1817 1 qua4 3109 985 986 3110
1818 1 qua4 962 3113 1886 174
1819 1 qua4 3113 3116 1885 1886
1820 1 qua4 3116 3119 1884 1885
1821 1 qua4 173 1883 3111 960
1822 1 qua4 960 3111 3112 961
1823 1 qua4 961 3112 3113 962
1824 1 qua4 1883 1882 3114 3111
1825 1 qua4 3111 3114 3115 3112
1826 1 qua4 3112 3115 3116 3113
1827 1 qua4 1882 1881 3117 3114
1828 1 qua4 3114 3117 3118 3115
1829 1 qua4 3115 3118 3119 3116
1830 1 qua4 1881 180 981 3117
1831 1 qua4 3117 981 982 3118
1832 1 qua4 3118 982 983 3119
1833 1 qua4 959 3122 1883 173
1834 1 qua4 3122 3125 1882 1883
1835 1 qua4 3125 3128 1881 1882
1836 1 qua4 172 1880 3120 957
1837 1 qua4 957 3120 3121 958
1838 1 qua4 958 3121 3122 959
1839 1 qua4 1880 1879 3123 3120
1840 1 qua4 3120 3123 3124 3121
1841 1 qua4 3121 3124 3125 3122
1842 1 qua4 1879 1878 3126 3123
1843 1 qua4 3123 3126 3127 3124
1844 1 qua4 3124 3127 3128 3125
1845 1 qua4 1878 179 978 3126
1846 1 qua4 3126 978 979 3127
1847 1 qua4 3127 979 980 3128
1848 1 qua4 956 3131 1880 172
1849 1 qua4 3131 3134 1879 1880
1850 1 qua4 3134 3137 1878 1879
1851 1 qua4 15 381 3129 954
1852 1 qua4 954 3129 3130 955
1853 1 qua4 955 3130 3131 956
1854 1 qua4 381 382 3132 3129
1855 1 qua4 3129 3132 3133 3130
1856 1 qua4 3130 3133 3134 3131
1857 1 qua4 382 383 3135 3132
1858 1 qua4 3132 3135 3136 3133
1859 1 qua4 3133 3136 3137 3134
1860 1 qua4 383 16 975 3135
1861 1 qua4 3135 975 976 3136
1862 1 qua4 3136 976 977 3137
1863 1 qua4 995 3140 1877 185
1864 1 qua4 3140 3143 1876 1877
1865 1 qua4 3143 3146 1875 1876
1866 1 qua4 184 1874 3138 993
1867 1 qua4 993 3138 3139 994
1868 1 qua4 994 3139 3140 995
1869 1 qua4 1874 1873 3141 3138
1870 1 qua4 3138 3141 3142 3139
1871 1 qua4 3139 3142 3143 3140
1872 1 qua4 1873 1872 3144 3141
1873 1 qua4 3141 3144 3145 3142
1874 1 qua4 3142 3145 3146 3143
1875 1 qua4 1872 191 1014 3144
1876 1 qua4 3144 1014 1015 3145
1877 1 qua4 3145 1015 1016 3146
1878 1 qua4 992 3149 1874 184
1879 1 qua4 3149 3152 1873 1874
1880 1 qua4 3152 3155 1872 1873
1881 1 qua4 183 1871 3147 990
1882 1 qua4 990 3147 3148 991
1883 1 qua4 991 3148 3149 992
1884 1 qua4 1871 1870 3150 3147
1885 1 qua4 3147 3150 3151 3148
1886 1 qua4 3148 3151 3152 3149
1887 1 qua4 1870 1869 3153 3150
1888 1 qua4 3150 3153 3154 3151
1889 1 qua4 3151 3154 3155 3152
1890 1 qua4 1869 190 1011 3153
1891 1 qua4 3153 1011 1012 3154
1892 1 qua4 3154 1012 1013 3155
1893 1 qua4 989 3158 1871 183
1894 1 qua4 3158 3161 1870 1871
1895 1 qua4 3161 3164 1869 1870
1896 1 qua4 182 1868 3156 987
1897 1 qua4 987 3156 3157 988
1898 1 qua4 988 3157 3158 989
1899 1 qua4 1868 1867 3159 3156
1900 1 qua4 3156 3159 3160 3157
1901 1 qua4 3157 3160 3161 3158
1902 1 qua4 1867 1866 3162 3159
1903 1 qua4 3159 3162 3163 3160
1904 1 qua4 3160 3163 3164 3161
1905 1 qua4 1866 189 1008 3162
1906 1 qua4 3162 1008 1009 3163
1907 1 qua4 3163 1009 1010 3164
1908 1 qua4 986 3167 1868 182
1909 1 qua4 3167 3170 1867 1868
1910 1 qua4 3170 3173 1866 1867
1911 1 qua4 181 1865 3165 984
1912 1 qua4 984 3165 3166 985
1913 1 qua4 985 3166 3167 986
1914 1 qua4 1865 1864 3168 3165
1915 1 qua4 3165 3168 3169 3166
1916 1 qua4 3166 3169 3170 3167
1917 1 qua4 1864 1863 3171 3168
1918 1 qua4 3168 3171 3172 3169
1919 1 qua4 3169 3172 3173 3170
1920 1 qua4 1863 188 1005 3171
1921 1 qua4 3171 1005 1006 3172
1922 1 qua4 3172 1006 1007 3173
1923 1 qua4 983 3176 1865 181
1924 1 qua4 3176 3179 1864 1865
1925 1 qua4 3179 3182 1863 1864
1926 1 qua4 180 1862 3174 981
1927 1 qua4 981 3174 3175 982
1928 1 qua4 982 3175 3176 983
1929 1 qua4 1862 1861 3177 3174
1930 1 qua4 3174 3177 3178 3175
1931 1 qua4 3175 3178 3179 3176
1932 1 qua4 1861 1860 3180 3177
1933 1 qua4 3177 3180 3181 3178
1934 1 qua4 3178 3181 3182 3179
1935 1 qua4 1860 187 1002 3180
1936 1 qua4 3180 1002 1003 3181
1937 1 qua4 3181 1003 1004 3182
1938 1 qua4 980 3185 1862 180
1939 1 qua4 3185 3188 1861 1862
1940 1 qua4 3188 3191 1860 1861
1941 1 qua4 179 1859 3183 978
1942 1 qua4 978 3183 3184 979
1943 1 qua4 979 3184 3185 980
1944 1 qua4 1859 1858 3186 3183
1945 1 qua4 3183 3186 3187 3184
1946 1 qua4 3184 3187 3188 3185
1947 1 qua4 1858 1857 3189 3186
1948 1 qua4 3186 3189 3190 3187
1949 1 qua4 3187 3190 3191 3188
1950 1 qua4 1857 186 999 3189
1951 1 qua4 3189 999 1000 3190
1952 1 qua4 3190 1000 1001 3191
1953 1 qua4 977 3194 1859 179
1954 1 qua4 3194 3197 1858 1859
1955 1 qua4 3197 3200 1857 1858
1956 1 qua4 16 384 3192 975
1957 1 qua4 975 3192 3193 976
1958 1 qua4 976 3193 3194 977
1959 1 qua4 384 385 3195 3192
1960 1 qua4 3192 3195 3196 3193
1961 1 qua4 3193 3196 3197 3194
1962 1 qua4 385 386 3198 3195
1963 1 qua4 3195 3198 3199 3196
1964 1 qua4 3196 3199 3200 3197
1965 1 qua4 386 17 996 3198
1966 1 qua4 3198 996 997 3199
1967 1 qua4 3199 997 998 3200
1968 1 qua4 1016 3203 1856 192
1969 1 qua4 3203 3206 1855 1856
1970 1 qua4 3206 3209 1854 1855
1971 1 qua4 191 1853 3201 1014
1972 1 qua4 1014 3201 3202 1015
1973 1 qua4 1015 3202 3203 1016
1974 1 qua4 1853 1852 3204 3201
1975 1 qua4 3201 3204 3205 3202
1976 1 qua4 3202 3205 3206 3203
1977 1 qua4 1852 1851 3207 3204
1978 1 qua4 3204 3207 3208 3205
1979 1 qua4 3205 3208 3209 3206
1980 1 qua4 1851 198 1035 3207
1981 1 qua4 3207 1035 1036 3208
1982 1 qua4 3208 1036 1037 3209
1983 1 qua4 1013 3212 1853 191
1984 1 qua4 3212 3215 1852 1853
1985 1 qua4 3215 3218 1851 1852
1986 1 qua4 190 1850 3210 1011
1987 1 qua4 1011 3210 3211 1012
1988 1 qua4 1012 3211 3212 1013
1989 1 qua4 1850 1849 3213 3210
1990 1 qua4 3210 3213 3214 3211
1991 1 qua4 3211 3214 3215 3212
1992 1 qua4 1849 1848 3216 3213
1993 1 qua4 3213 3216 3217 3214
1994 1 qua4 3214 3217 3218 3215
1995 1 qua4 1848 197 1032 3216
1996 1 qua4 3216 1032 1033 3217
1997 1 qua4 3217 1033 1034 3218
1998 1 qua4 1010 3221 1850 190
1999 1 qua4 3221 3224 1849 1850
2000 1 qua4 3224 3227 1848 1849
2001 1 qua4 189 1847 3219 1008
2002 1 qua4 1008 3219 3220 1009
2003 1 qua4 1009 3220 3221 1010
2004 1 qua4 1847 1846 3222 3219
2005 1 qua4 3219 3222 3223 3220
2006 1 qua4 3220 3223 3224 3221
2007 1 qua4 1846 1845 3225 3222
2008 1 qua4 3222 3225 3226 3223
2009 1 qua4 3223 3226 3227 3224
2010 1 qua4 1845 196 1029 3225
2011 1 qua4 3225 1029 1030 3226
2012 1 qua4 3226 1030 1031 3227
2013 1 qua4 1007 3230 1847 189
2014 1 qua4 3230 3233 1846 1847
2015 1 qua4 3233 3236 1845 1846
2016 1 qua4 188 1844 3228 1005
2017 1 qua4 1005 3228 3229 1006
2018 1 qua4 1006 3229 3230 1007
2019 1 qua4 1844 1843 3231 3228
2020 1 qua4 3228 3231 3232 3229
2021 1 qua4 3229 3232 3233 3230
2022 1 qua4 1843 1842 3234 3231
2023 1 qua4 3231 3234 3235 3232
2024 1 qua4 3232 3235 3236 3233
2025 1 qua4 1842 195 1026 3234
2026 1 qua4 3234 1026 1027 3235
2027 1 qua4 3235 1027 1028 3236
2028 1 qua4 1004 3239 1844 188
2029 1 qua4 3239 3242 1843 1844
2030 1 qua4 3242 3245 1842 1843
2031 1 qua4 187 1841 3237 1002
2032 1 qua4 1002 3237 3238 1003
2033 1 qua4 1003 3238 3239 1004
2034 1 qua4 1841 1840 3240 3237
2035 1 qua4 3237 3240 3241 3238
2036 1 qua4 3238 3241 3242 3239
2037 1 qua4 1840 1839 3243 3240
2038 1 qua4 3240 3243 3244 3241
2039 1 qua4 3241 3244 3245 3242
2040 1 qua4 1839 194 1023 3243
2041 1 qua4 3243 1023 1024 3244
2042 1 qua4 3244 1024 1025 3245
2043 1 qua4 1001 3248 1841 187
2044 1 qua4 3248 3251 1840 1841
2045 1 qua4 3251 3254 1839 1840
2046 1 qua4 186 1838 3246 999
2047 1 qua4 999 3246 3247 1000
2048 1 qua4 1000 3247 3248 1001
2049 1 qua4 1838 1837 3249 3246
2050 1 qua4 3246 3249 3250 3247
2051 1 qua4 3247 3250 3251 3248
2052 1 qua4 1837 1836 3252 3249
2053 1 qua4 3249 3252 3253 3250
2054 1 qua4 3250 3253 3254 3251
2055 1 qua4 1836 193 1020 3252
2056 1 qua4 3252 1020 1021 3253
2057 1 qua4 3253 1021 1022 3254
2058 1 qua4 998 3257 1838 186
2059 1 qua4 3257 3260 1837 1838
2060 1 qua4 3260 3263 1836 1837
2061 1 qua4 17 387 3255 996
2062 1 qua4 996 3255 3256 997
2063 1 qua4 997 3256 3257 998
2064 1 qua4 387 388 3258 3255
2065 1 qua4 3255 3258 3259 3256
2066 1 qua4 3256 3259 3260 3257
2067 1 qua4 388 389 3261 3258
2068 1 qua4 3258 3261 3262 3259
2069 1 qua4 3259 3262 3263 3260
2070 1 qua4 389 18 1017 3261
2071 1 qua4 3261 1017 1018 3262
2072 1 qua4 3262 1018 1019 3263
2073 1 qua4 1037 3266 1835 199
2074 1 qua4 3266 3269 1834 1835
2075 1 qua4 3269 3272 1833 1834
2076 1 qua4 198 1832 3264 1035
2077 1 qua4 1035 3264 3265 1036
2078 1 qua4 1036 3265 3266 1037
2079 1 qua4 1832 1831 3267 3264
2080 1 qua4 3264 3267 3268 3265
2081 1 qua4 3265 3268 3269 3266
2082 1 qua4 1831 1830 3270 3267
2083 1 qua4 3267 3270 3271 3268
2084 1 qua4 3268 3271 3272 3269
2085 1 qua4 1830 205 1056 3270
2086 1 qua4 3270 1056 1057 3271
2087 1 qua4 3271 1057 1058 3272
2088 1 qua4 1034 3275 1832 198
2089 1 qua4 3275 3278 1831 1832
2090 1 qua4 3278 3281 1830 1831
2091 1 qua4 197 1829 3273 1032
2092 1 qua4 1032 3273 3274 1033
2093 1 qua4 1033 3274 3275 1034
2094 1 qua4 1829 1828 3276 3273
2095 1 qua4 3273 3276 3277 3274
2096 1 qua4 3274 3277 3278 3275
2097 1 qua4 1828 1827 3279 3276
2098 1 qua4 3276 3279 3280 3277
2099 1 qua4 3277 3280 3281 3278
2100 1 qua4 1827 204 1053 3279
2101 1 qua4 3279 1053 1054 3280
2102 1 qua4 3280 1054 1055 3281
2103 1 qua4 1031 3284 1829 197
2104 1 qua4 3284 3287 1828 1829
2105 1 qua4 3287 3290 1827 1828
2106 1 qua4 196 1826 3282 1029
2107 1 qua4 1029 3282 3283 1030
2108 1 qua4 1030 3283 3284 1031
2109 1 qua4 1826 1825 3285 3282
2110 1 qua4 3282 3285 3286 3283
2111 1 qua4 3283 3286 3287 3284
2112 1 qua4 1825 1824 3288 3285
2113 1 qua4 3285 3288 3289 3286
2114 1 qua4 3286 3289 3290 3287
2115 1 qua4 1824 203 1050 3288
2116 1 qua4 3288 1050 1051 3289
2117 1 qua4 3289 1051 1052 3290
2118 1 qua4 1028 3293 1826 196
2119 1 qua4 3293 3296 1825 1826
2120 1 qua4 3296 3299 1824 1825
2121 1 qua4 195 1823 3291 1026
2122 1 qua4 1026 3291 3292 1027
2123 1 qua4 1027 3292 3293 1028
2124 1 qua4 1823 1822 3294 3291
2125 1 qua4 3291 3294 3295 3292
2126 1 qua4 3292 3295 3296 3293
2127 1 qua4 1822 1821 3297 3294
2128 1 qua4 3294 3297 3298 3295
2129 1 qua4 3295 3298 3299 3296
2130 1 qua4 1821 202 1047 3297
2131 1 qua4 3297 1047 1048 3298
2132 1 qua4 3298 1048 1049 3299
2133 1 qua4 1025 3302 1823 195
2134 1 qua4 3302 3305 1822 1823
2135 1 qua4 3305 3308 1821 1822
2136 1 qua4 194 1820 3300 1023
2137 1 qua4 1023 3300 3301 1024
2138 1 qua4 1024 3301 3302 1025
2139 1 qua4 1820 1819 3303 3300
2140 1 qua4 3300 3303 3304 3301
2141 1 qua4 3301 3304 3305 3302
2142 1 qua4 1819 1818 3306 3303
2143 1 qua4 3303 3306 3307 3304
2144 1 qua4 3304 3307 3308 3305
2145 1 qua4 1818 201 1044 3306
2146 1 qua4 3306 1044 1045 3307
2147 1 qua4 3307 1045 1046 3308
2148 1 qua4 1022 3311 1820 194
2149 1 qua4 3311 3314 1819 1820
2150 1 qua4 3314 3317 1818 1819
2151 1 qua4 193 1817 3309 1020
2152 1 qua4 1020 3309 3310 1021
2153 1 qua4 1021 3310 3311 1022
2154 1 qua4 1817 1816 3312 3309
2155 1 qua4 3309 3312 3313 3310
2156 1 qua4 3310 3313 3314 3311
2157 1 qua4 1816 1815 3315 3312
2158 1 qua4 3312 3315 3316 3313
2159 1 qua4 3313 3316 3317 3314
2160 1 qua4 1815 200 1041 3315
2161 1 qua4 3315 1041 1042 3316
2162 1 qua4 3316 1042 1043 3317
2163 1 qua4 1019 3320 1817 193
2164 1 qua4 3320 3323 1816 1817
2165 1 qua4 3323 3326 1815 1816
2166 1 qua4 18 390 3318 1017
2167 1 qua4 1017 3318 3319 1018
2168 1 qua4 1018 3319 3320 1019
2169 1 qua4 390 391 3321 3318
2170 1 qua4 3318 3321 3322 3319
2171 1 qua4 3319 3322 3323 3320
2172 1 qua4 391 392 3324 3321
2173 1 qua4 3321 3324 3325 3322
2174 1 qua4 3322 3325 3326 3323
2175 1 qua4 392 19 1038 3324
2176 1 qua4 3324 1038 1039 3325
2177 1 qua4 3325 1039 1040 3326
2178 1 qua4 1058 3329 1814 206
2179 1 qua4 3329 3332 1813 1814
2180 1 qua4 3332 3335 1812 1813
2181 1 qua4 205 1811 3327 1056
2182 1 qua4 1056 3327 3328 1057
2183 1 qua4 1057 3328 3329 1058
2184 1 qua4 1811 1810 3330 3327
2185 1 qua4 3327 3330 3331 3328
2186 1 qua4 3328 3331 3332 3329
2187 1 qua4 1810 1809 3333 3330
2188 1 qua4 3330 3333 3334 3331
2189 1 qua4 3331 3334 3335 3332
2190 1 qua4 1809 212 1077 3333
2191 1 qua4 3333 1077 1078 3334
2192 1 qua4 3334 1078 1079 3335
2193 1 qua4 1055 3338 1811 205
2194 1 qua4 3338 3341 1810 1811
2195 1 qua4 3341 3344 1809 1810
2196 1 qua4 204 1808 3336 1053
2197 1 qua4 1053 3336 3337 1054
2198 1 qua4 1054 3337 3338 1055
2199 1 qua4 1808 1807 3339 3336
2200 1 qua4 3336 3339 3340 3337
2201 1 qua4 3337 3340 3341 3338
2202 1 qua4 1807 1806 3342 3339
2203 1 qua4 3339 3342 3343 3340
2204 1 qua4 3340 3343 3344 3341
2205 1 qua4 1806 211 1074 3342
2206 1 qua4 3342 1074 1075 3343
2207 1 qua4 3343 1075 1076 3344
2208 1 qua4 1052 3347 1808 204
2209 1 qua4 3347 3350 1807 1808
2210 1 qua4 3350 3353 1806 1807
2211 1 qua4 203 1805 3345 1050
2212 1 qua4 1050 3345 3346 1051
2213 1 qua4 1051 3346 3347 1052
2214 1 qua4 1805 1804 3348 3345
2215 1 qua4 3345 3348 3349 3346
2216 1 qua4 3346 3349 3350 3347
2217 1 qua4 1804 1803 3351 3348
2218 1 qua4 3348 3351 3352 3349
2219 1 qua4 3349 3352 3353 3350
2220 1 qua4 1803 210 1071 3351
2221 1 qua4 3351 1071 1072 3352
2222 1 qua4 3352 1072 1073 3353
2223 1 qua4 1049 3356 1805 203
2224 1 qua4 3356 3359 1804 1805
2225 1 qua4 3359 3362 1803 1804
2226 1 qua4 202 1802 3354 1047
2227 1 qua4 1047 3354 3355 1048
2228 1 qua4 1048 3355 3356 1049
2229 1 qua4 1802 1801 3357 3354
2230 1 qua4 3354 3357 3358 3355
2231 1 qua4 3355 3358 3359 3356
2232 1 qua4 1801 1800 3360 3357
2233 1 qua4 3357 3360 3361 3358
2234 1 qua4 3358 3361 3362 3359
2235 1 qua4 1800 209 1068 3360
2236 1 qua4 3360 1068 1069 3361
2237 1 qua4 3361 1069 1070 3362
2238 1 qua4 1046 3365 1802 202
2239 1 qua4 3365 3368 1801 1802
2240 1 qua4 3368 3371 1800 1801
2241 1 qua4 201 1799 3363 1044
2242 1 qua4 1044 3363 3364 1045
2243 1 qua4 1045 3364 3365 1046
2244 1 qua4 1799 1798 3366 3363
2245 1 qua4 3363 3366 3367 3364
2246 1 qua4 3364 3367 3368 3365
2247 1 qua4 1798 1797 3369 3366
2248 1 qua4 3366 3369 3370 3367
2249 1 qua4 3367 3370 3371 3368
2250 1 qua4 1797 208 1065 3369
2251 1 qua4 3369 1065 1066 3370
2252 1 qua4 3370 1066 1067 3371
2253 1 qua4 1043 3374 1799 201
2254 1 qua4 3374 3377 1798 1799
2255 1 qua4 3377 3380 1797 1798
2256 1 qua4 200 1796 3372 1041
2257 1 qua4 1041 3372 3373 1042
2258 1 qua4 1042 3373 3374 1043
2259 1 qua4 1796 1795 3375 3372
2260 1 qua4 3372 3375 3376 3373
2261 1 qua4 3373 3376 3377 3374
2262 1 qua4 1795 1794 3378 3375
2263 1 qua4 3375 3378 3379 3376
2264 1 qua4 3376 3379 3380 3377
2265 1 qua4 1794 207 1062 3378
2266 1 qua4 3378 1062 1063 3379
2267 1 qua4 3379 1063 1064 3380
2268 1 qua4 1040 3383 1796 200
2269 1 qua4 3383 3386 1795 1796
2270 1 qua4 3386 3389 1794 1795
2271 1 qua4 19 393 3381 1038
2272 1 qua4 1038 3381 3382 1039
2273 1 qua4 1039 3382 3383 1040
2274 1 qua4 393 394 3384 3381
2275 1 qua4 3381 3384 3385 3382
2276 1 qua4 3382 3385 3386 3383
2277 1 qua4 394 395 3387 3384
2278 1 qua4 3384 3387 3388 3385
2279 1 qua4 3385 3388 3389 3386
2280 1 qua4 395 20 1059 3387
2281 1 qua4 3387 1059 1060 3388
2282 1 qua4 3388 1060 1061 3389
2283 1 qua4 1079 3392 1793 213
2284 1 qua4 3392 3395 1792 1793
2285 1 qua4 3395 3398 1791 1792
2286 1 qua4 212 1790 3390 1077
2287 1 qua4 1077 3390 3391 1078
2288 1 qua4 1078 3391 3392 1079
2289 1 qua4 1790 1789 3393 3390
2290 1 qua4 3390 3393 3394 3391
2291 1 qua4 3391 3394 3395 3392
2292 1 qua4 1789 1788 3396 3393
2293 1 qua4 3393 3396 3397 3394
2294 1 qua4 3394 3397 3398 3395
2295 1 qua4 1788 219 1098 3396
2296 1 qua4 3396 1098 1099 3397
2297 1 qua4 3397 1099 1100 3398
2298 1 qua4 1076 3401 1790 212
2299 1 qua4 3401 3404 1789 1790
2300 1 qua4 3404 3407 1788 1789
2301 1 qua4 211 1787 3399 1074
2302 1 qua4 1074 3399 3400 1075
2303 1 qua4 1075 3400 3401 1076
2304 1 qua4 1787 1786 3402 3399
2305 1 qua4 3399 3402 3403 3400
2306 1 qua4 3400 3403 3404 3401
2307 1 qua4 1786 1785 3405 3402
2308 1 qua4 3402 3405 3406 3403
2309 1 qua4 3403 3406 3407 3404
2310 1 qua4 1785 218 1095 3405
2311 1 qua4 3405 1095 1096 3406
2312 1 qua4 3406 1096 1097 3407
2313 1 qua4 1073 3410 1787 211
2314 1 qua4 3410 3413 1786 1787
2315 1 qua4 3413 3416 1785 1786
2316 1 qua4 210 1784 3408 1071
2317 1 qua4 1071 3408 3409 1072
2318 1 qua4 1072 3409 3410 1073
2319 1 qua4 1784 1783 3411 3408
2320 1 qua4 3408 3411 3412 3409
2321 1 qua4 3409 3412 3413 3410
2322 1 qua4 1783 1782 3414 3411
2323 1 qua4 3411 3414 3415 3412
2324 1 qua4 3412 3415 3416 3413
2325 1 qua4 1782 217 1092 3414
2326 1 qua4 3414 1092 1093 3415
2327 1 qua4 3415 1093 1094 3416
2328 1 qua4 1070 3419 1784 210
2329 1 qua4 3419 3422 1783 1784
2330 1 qua4 3422 3425 1782 1783
2331 1 qua4 209 1781 3417 1068
2332 1 qua4 1068 3417 3418 1069
2333 1 qua4 1069 3418 3419 1070
2334 1 qua4 1781 1780 3420 3417
2335 1 qua4 3417 3420 3421 3418
2336 1 qua4 3418 3421 3422 3419
2337 1 qua4 1780 1779 3423 3420
2338 1 qua4 3420 3423 3424 3421
2339 1 qua4 3421 3424 3425 3422
2340 1 qua4 1779 216 1089 3423
2341 1 qua4 3423 1089 1090 3424
2342 1 qua4 3424 1090 1091 3425
2343 1 qua4 1067 3428 1781 209
2344 1 qua4 3428 3431 1780 1781
2345 1 qua4 3431 3434 1779 1780
2346 1 qua4 208 1778 3426 1065
2347 1 qua4 1065 3426 3427 1066
2348 1 qua4 1066 3427 3428 1067
2349 1 qua4 1778 1777 3429 3426
2350 1 qua4 3426 3429 3430 3427
2351 1 qua4 3427 3430 3431 3428
2352 1 qua4 1777 1776 3432 3429
2353 1 qua4 3429 3432 3433 3430
2354 1 qua4 3430 3433 3434 3431
2355 1 qua4 1776 215 1086 3432
2356 1 qua4 3432 1086 1087 3433
2357 1 qua4 3433 1087 1088 3434
2358 1 qua4 1064 3437 1778 208
2359 1 qua4 3437 3440 1777 1778
2360 1 qua4 3440 3443 1776 1777
2361 1 qua4 207 1775 3435 1062
2362 1 qua4 1062 3435 3436 1063
2363 1 qua4 1063 3436 3437 1064
2364 1 qua4 1775 1774 3438 3435
2365 1 qua4 3435 3438 3439 3436
2366 1 qua4 3436 3439 3440 3437
2367 1 qua4 1774 1773 3441 3438
2368 1 qua4 3438 3441 3442 3439
2369 1 qua4 3439 3442 3443 3440
2370 1 qua4 1773 214 1083 3441
2371 1 qua4 3441 1083 1084 3442
2372 1 qua4 3442 1084 1085 3443
2373 1 qua4 1061 3446 1775 207
2374 1 qua4 3446 3449 1774 1775
2375 1 qua4 3449 3452 1773 1774
2376 1 qua4 20 396 3444 1059
2377 1 qua4 1059 3444 3445 1060
2378 1 qua4 1060 3445 3446 1061
2379 1 qua4 396 397 3447 3444
2380 1 qua4 3444 3447 3448 3445
2381 1 qua4 3445 3448 3449 3446
2382 1 qua4 397 398 3450 3447
2383 1 qua4 3447 3450 3451 3448
2384 1 qua4 3448 3451 3452 3449
2385 1 qua4 398 21 1080 3450
2386 1 qua4 3450 1080 1081 3451
2387 1 qua4 3451 1081 1082 3452
2388 1 qua4 1100 3455 1772 220
2389 1 qua4 3455 3458 1771 1772
2390 1 qua4 3458 3461 1770 1771
2391 1 qua4 219 1769 3453 1098
2392 1 qua4 1098 3453 3454 1099
2393 1 qua4 1099 3454 3455 1100
2394 1 qua4 1769 1768 3456 3453
2395 1 qua4 3453 3456 3457 3454
2396 1 qua4 3454 3457 3458 3455
2397 1 qua4 1768 1767 3459 3456
2398 1 qua4 3456 3459 3460 3457
2399 1 qua4 3457 3460 3461 3458
2400 1 qua4 1767 226 1119 3459
2401 1 qua4 3459 1119 1120 3460
2402 1 qua4 3460 1120 1121 3461
2403 1 qua4 1097 3464 1769 219
2404 1 qua4 3464 3467 1768 1769
2405 1 qua4 3467 3470 1767 1768
2406 1 qua4 218 1766 3462 1095
2407 1 qua4 1095 3462 3463 1096
2408 1 qua4 1096 3463 3464 1097
2409 1 qua4 1766 1765 3465 3462
2410 1 qua4 3462 3465 3466 3463
2411 1 qua4 3463 3466 3467 3464
2412 1 qua4 1765 1764 3468 3465
2413 1 qua4 3465 3468 3469 3466
2414 1 qua4 3466 3469 3470 3467
2415 1 qua4 1764 225 1116 3468
2416 1 qua4 3468 1116 1117 3469
2417 1 qua4 3469 1117 1118 3470
2418 1 qua4 1094 3473 1766 218
2419 1 qua4 3473 3476 1765 1766
2420 1 qua4 3476 3479 1764 1765
2421 1 qua4 217 1763 3471 1092
2422 1 qua4 1092 3471 3472 1093
2423 1 qua4 1093 3472 3473 1094
2424 1 qua4 1763 1762 3474 3471
2425 1 qua4 3471 3474 3475 3472
2426 1 qua4 3472 3475 3476 3473
2427 1 qua4 1762 1761 3477 3474
2428 1 qua4 3474 3477 3478 3475
2429 1 qua4 3475 3478 3479 3476
2430 1 qua4 1761 224 1113 3477
2431 1 qua4 3477 1113 1114 3478
2432 1 qua4 3478 1114 1115 3479
2433 1 qua4 1091 3482 1763 217
2434 1 qua4 3482 3485 1762 1763
2435 1 qua4 3485 3488 1761 1762
2436 1 qua4 216 1760 3480 1089
2437 1 qua4 1089 3480 3481 1090
2438 1 qua4 1090 3481 3482 1091
2439 1 qua4 1760 1759 3483 3480
2440 1 qua4 3480 3483 3484 3481
2441 1 qua4 3481 3484 3485 3482
2442 1 qua4 1759 1758 3486 3483
2443 1 qua4 3483 3486 3487 3484
2444 1 qua4 3484 3487 3488 3485
2445 1 qua4 1758 223 1110 3486
2446 1 qua4 3486 1110 1111 3487
2447 1 qua4 3487 1111 1112 3488
2448 1 qua4 1088 3491 1760 216
2449 1 qua4 3491 3494 1759 1760
2450 1 qua4 3494 3497 1758 1759
2451 1 qua4 215 1757 3489 1086
2452 1 qua4 1086 3489 3490 1087
2453 1 qua4 1087 3490 3491 1088
2454 1 qua4 1757 1756 3492 3489
2455 1 qua4 3489 3492 3493 3490
2456 1 qua4 3490 3493 3494 3491
2457 1 qua4 1756 1755 3495 3492
2458 1 qua4 3492 3495 3496 3493
2459 1 qua4 3493 3496 3497 3494
2460 1 qua4 1755 222 1107 3495
2461 1 qua4 3495 1107 1108 3496
2462 1 qua4 3496 1108 1109 3497
2463 1 qua4 1085 3500 1757 215
2464 1 qua4 3500 3503 1756 1757
2465 1 qua4 3503 3506 1755 1756
2466 1 qua4 214 1754 3498 1083
2467 1 qua4 1083 3498 3499 1084
2468 1 qua4 1084 3499 3500 1085
2469 1 qua4 1754 1753 3501 3498
2470 1 qua4 3498 3501 3502 3499
2471 1 qua4 3499 3502 3503 3500
2472 1 qua4 1753 1752 3504 3501
2473 1 qua4 3501 3504 3505 3502
2474 1 qua4 3502 3505 3506 3503
2475 1 qua4 1752 221 1104 3504
2476 1 qua4 3504 1104 1105 3505
2477 1 qua4 3505 1105 1106 3506
2478 1 qua4 1082 3509 1754 214
2479 1 qua4 3509 3512 1753 1754
2480 1 qua4 3512 3515 1752 1753
2481 1 qua4 21 399 3507 1080
2482 1 qua4 1080 3507 3508 1081
2483 1 qua4 1081 3508 3509 1082
2484 1 qua4 399 400 3510 3507
2485 1 qua4 3507 3510 3511 3508
2486 1 qua4 3508 3511 3512 3509
2487 1 qua4 400 401 3513 3510
2488 1 qua4 3510 3513 3514 3511
2489 1 qua4 3511 3514 3515 3512
2490 1 qua4 401 22 1101 3513
2491 1 qua4 3513 1101 1102 3514
2492 1 qua4 3514 1102 1103 3515
2493 1 qua4 1121 3518 1751 227
2494 1 qua4 3518 3521 1750 1751
2495 1 qua4 3521 3524 1749 1750
2496 1 qua4 226 1748 3516 1119
2497 1 qua4 1119 3516 3517 1120
2498 1 qua4 1120 3517 3518 1121
2499 1 qua4 1748 1747 3519 3516
2500 1 qua4 3516 3519 3520 3517
2501 1 qua4 3517 3520 3521 3518
2502 1 qua4 1747 1746 3522 3519
2503 1 qua4 3519 3522 3523 3520
2504 1 qua4 3520 3523 3524 3521
2505 1 qua4 1746 233 1140 3522
2506 1 qua4 3522 1140 1141 3523
2507 1 qua4 3523 1141 1142 3524
2508 1 qua4 1118 3527 1748 226
2509 1 qua4 3527 3530 1747 1748
2510 1 qua4 3530 3533 1746 1747
2511 1 qua4 225 1745 3525 1116
2512 1 qua4 1116 3525 3526 1117
2513 1 qua4 1117 3526 3527 1118
2514 1 qua4 1745 1744 3528 3525
2515 1 qua4 3525 3528 3529 3526
2516 1 qua4 3526 3529 3530 3527
2517 1 qua4 1744 1743 3531 3528
2518 1 qua4 3528 3531 3532 3529
2519 1 qua4 3529 3532 3533 3530
2520 1 qua4 1743 232 1137 3531
2521 1 qua4 3531 1137 1138 3532
2522 1 qua4 3532 1138 1139 3533
2523 1 qua4 1115 3536 1745 225
2524 1 qua4 3536 3539 1744 1745
2525 1 qua4 3539 3542 1743 1744
2526 1 qua4 224 1742 3534 1113
2527 1 qua4 1113 3534 3535 1114
2528 1 qua4 1114 3535 3536 1115
2529 1 qua4 1742 1741 3537 3534
2530 1 qua4 3534 3537 3538 3535
2531 1 qua4 3535 3538 3539 3536
2532 1 qua4 1741 1740 3540 3537
2533 1 qua4 3537 3540 3541 3538
2534 1 qua4 3538 3541 3542 3539
2535 1 qua4 1740 231 1134 3540
2536 1 qua4 3540 1134 1135 3541
2537 1 qua4 3541 1135 1136 3542
2538 1 qua4 1112 3545 1742 224
2539 1 qua4 3545 3548 1741 1742
2540 1 qua4 3548 3551 1740 1741
2541 1 qua4 223 1739 3543 1110
2542 1 qua4 1110 3543 3544 1111
2543 1 qua4 1111 3544 3545 1112
2544 1 qua4 1739 1738 3546 3543
2545 1 qua4 3543 3546 3547 3544
2546 1 qua4 3544 3547 3548 3545
2547 1 qua4 1738 1737 3549 3546
2548 1 qua4 3546 3549 3550 3547
2549 1 qua4 3547 3550 3551 3548
2550 1 qua4 1737 230 1131 3549
2551 1 qua4 3549 1131 1132 3550
2552 1 qua4 3550 1132 1133 3551
2553 1 qua4 1109 3554 1739 223
2554 1 qua4 3554 3557 1738 1739
2555 1 qua4 3557 3560 1737 1738
2556 1 qua4 222 1736 3552 1107
2557 1 qua4 1107 3552 3553 1108
2558 1 qua4 1108 3553 3554 1109
2559 1 qua4 1736 1735 3555 3552
2560 1 qua4 3552 3555 3556 3553
2561 1 qua4 3553 3556 3557 3554
2562 1 qua4 1735 1734 3558 3555
2563 1 qua4 3555 3558 3559 3556
2564 1 qua4 3556 3559 3560 3557
2565 1 qua4 1734 229 1128 3558
2566 1 qua4 3558 1128 1129 3559
2567 1 qua4 3559 1129 1130 3560
2568 1 qua4 1106 3563 1736 222
2569 1 qua4 3563 3566 1735 1736
2570 1 qua4 3566 3569 1734 1735
2571 1 qua4 221 1733 3561 1104
2572 1 qua4 1104 3561 3562 1105
2573 1 qua4 1105 3562 3563 1106
2574 1 qua4 1733 1732 3564 3561
2575 1 qua4 3561 3564 3565 3562
2576 1 qua4 3562 3565 3566 3563
2577 1 qua4 1732 1731 3567 3564
2578 1 qua4 3564 3567 3568 3565
2579 1 qua4 3565 3568 3569 3566
2580 1 qua4 1731 228 1125 3567
2581 1 qua4 3567 1125 1126 3568
2582 1 qua4 3568 1126 1127 3569
2583 1 qua4 1103 3572 1733 221
2584 1 qua4 3572 3575 1732 1733
2585 1 qua4 3575 3578 1731 1732
2586 1 qua4 22 402 3570 1101
2587 1 qua4 1101 3570 3571 1102
2588 1 qua4 1102 3571 3572 1103
2589 1 qua4 402 403 3573 3570
2590 1 qua4 3570 3573 3574 3571
2591 1 qua4 3571 3574 3575 3572
2592 1 qua4 403 404 3576 3573
2593 1 qua4 3573 3576 3577 3574
2594 1 qua4 3574 3577 3578 3575
2595 1 qua4 404 23 1122 3576
2596 1 qua4 3576 1122 1123 3577
2597 1 qua4 3577 1123 1124 3578
2598 1 qua4 1142 3581 1730 234
2599 1 qua4 3581 3584 1729 1730
2600 1 qua4 3584 3587 1728 1729
2601 1 qua4 233 1727 3579 1140
2602 1 qua4 1140 3579 3580 1141
2603 1 qua4 1141 3580 3581 1142
2604 1 qua4 1727 1726 3582 3579
2605 1 qua4 3579 3582 3583 3580
2606 1 qua4 3580 3583 3584 3581
2607 1 qua4 1726 1725 3585 3582
2608 1 qua4 3582 3585 3586 3583
2609 1 qua4 3583 3586 3587 3584
2610 1 qua4 1725 240 1161 3585
2611 1 qua4 3585 1161 1162 3586
2612 1 qua4 3586 1162 1163 3587
2613 1 qua4 1139 3590 1727 233
2614 1 qua4 3590 3593 1726 1727
2615 1 qua4 3593 3596 1725 1726
2616 1 qua4 232 1724 3588 1137
2617 1 qua4 1137 3588 3589 1138
2618 1 qua4 1138 3589 3590 1139
2619 1 qua4 1724 1723 3591 3588
2620 1 qua4 3588 3591 3592 3589
2621 1 qua4 3589 3592 3593 3590
2622 1 qua4 1723 1722 3594 3591
2623 1 qua4 3591 3594 3595 3592
2624 1 qua4 3592 3595 3596 3593
2625 1 qua4 1722 239 1158 3594
2626 1 qua4 3594 1158 1159 3595
2627 1 qua4 3595 1159 1160 3596
2628 1 qua4 1136 3599 1724 232
2629 1 qua4 3599 3602 1723 1724
2630 1 qua4 3602 3605 1722 1723
2631 1 qua4 231 1721 3597 1134
2632 1 qua4 1134 3597 3598 1135
2633 1 qua4 1135 3598 3599 1136
2634 1 qua4 1721 1720 3600 3597
2635 1 qua4 3597 3600 3601 3598
2636 1 qua4 3598 3601 3602 3599
2637 1 qua4 1720 1719 3603 3600
2638 1 qua4 3600 3603 3604 3601
2639 1 qua4 3601 3604 3605 3602
2640 1 qua4 1719 238 1155 3603
2641 1 qua4 3603 1155 1156 3604
2642 1 qua4 3604 1156 1157 3605
2643 1 qua4 1133 3608 1721 231
2644 1 qua4 3608 3611 1720 1721
2645 1 qua4 3611 3614 1719 1720
2646 1 qua4 230 1718 3606 1131
2647 1 qua4 1131 3606 3607 1132
2648 1 qua4 1132 3607 3608 1133
2649 1 qua4 1718 1717 3609 3606
2650 1 qua4 3606 3609 3610 3607
2651 1 qua4 3607 3610 3611 3608
2652 1 qua4 1717 1716 3612 3609
2653 1 qua4 3609 3612 3613 3610
2654 1 qua4 3610 3613 3614 3611
2655 1 qua4 1716 237 1152 3612
2656 1 qua4 3612 1152 1153 3613
2657 1 qua4 3613 1153 1154 3614
2658 1 qua4 1130 3617 1718 230
2659 1 qua4 3617 3620 1717 1718
2660 1 qua4 3620 3623 1716 1717
2661 1 qua4 229 1715 3615 1128
2662 1 qua4 1128 3615 3616 1129
2663 1 qua4 1129 3616 3617 1130
2664 1 qua4 1715 1714 3618 3615
2665 1 qua4 3615 3618 3619 3616
2666 1 qua4 3616 3619 3620 3617
2667 1 qua4 1714 1713 3621 3618
2668 1 qua4 3618 3621 3622 3619
2669 1 qua4 3619 3622 3623 3620
2670 1 qua4 1713 236 1149 3621
2671 1 qua4 3621 1149 1150 3622
2672 1 qua4 3622 1150 1151 3623
2673 1 qua4 1127 3626 1715 229
2674 1 qua4 3626 3629 1714 1715
2675 1 qua4 3629 3632 1713 1714
2676 1 qua4 228 1712 3624 1125
2677 1 qua4 1125 3624 3625 1126
2678 1 qua4 1126 3625 3626 1127
2679 1 qua4 1712 1711 3627 3624
2680 1 qua4 3624 3627 3628 3625
2681 1 qua4 3625 3628 3629 3626
2682 1 qua4 1711 1710 3630 3627
2683 1 qua4 3627 3630 3631 3628
2684 1 qua4 3628 3631 3632 3629
2685 1 qua4 1710 235 1146 3630
2686 1 qua4 3630 1146 1147 3631
2687 1 qua4 3631 1147 1148 3632
2688 1 qua4 1124 3635 1712 228
2689 1 qua4 3635 3638 1711 1712
2690 1 qua4 3638 3641 1710 1711
2691 1 qua4 23 405 3633 1122
2692 1 qua4 1122 3633 3634 1123
2693 1 qua4 1123 3634 3635 1124
2694 1 qua4 405 406 3636 3633
2695 1 qua4 3633 3636 3637 3634
2696 1 qua4 3634 3637 3638 3635
2697 1 qua4 406 407 3639 3636
2698 1 qua4 3636 3639 3640 3637
2699 1 qua4 3637 3640 3641 3638
2700 1 qua4 407 24 1143 3639
2701 1 qua4 3639 1143 1144 3640
2702 1 qua4 3640 1144 1145 3641
2703 1 qua4 1163 3644 1709 241
2704 1 qua4 3644 3647 1708 1709
2705 1 qua4 3647 3650 1707 1708
2706 1 qua4 240 1706 3642 1161
2707 1 qua4 1161 3642 3643 1162
2708 1 qua4 1162 3643 3644 1163
2709 1 qua4 1706 1705 3645 3642
2710 1 qua4 3642 3645 3646 3643
2711 1 qua4 3643 3646 3647 3644
2712 1 qua4 1705 1704 3648 3645
2713 1 qua4 3645 3648 3649 3646
2714 1 qua4 3646 3649 3650 3647
2715 1 qua4 1704 247 1182 3648
2716 1 qua4 3648 1182 1183 3649
2717 1 qua4 3649 1183 1184 3650
2718 1 qua4 1160 3653 1706 240
2719 1 qua4 3653 3656 1705 1706
2720 1 qua4 3656 3659 1704 1705
2721 1 qua4 239 1703 3651 1158
2722 1 qua4 1158 3651 3652 1159
2723 1 qua4 1159 3652 3653 1160
2724 1 qua4 1703 1702 3654 3651
2725 1 qua4 3651 3654 3655 3652
2726 1 qua4 3652 3655 3656 3653
2727 1 qua4 1702 1701 3657 3654
2728 1 qua4 3654 3657 3658 3655
2729 1 qua4 3655 3658 3659 3656
2730 1 qua4 1701 246 1179 3657
2731 1 qua4 3657 1179 1180 3658
2732 1 qua4 3658 1180 1181 3659
2733 1 qua4 1157 3662 1703 239
2734 1 qua4 3662 3665 1702 1703
2735 1 qua4 3665 3668 1701 1702
2736 1 qua4 238 1700 3660 1155
2737 1 qua4 1155 3660 3661 1156
2738 1 qua4 1156 3661 3662 1157
2739 1 qua4 1700 1699 3663 3660
2740 1 qua4 3660 3663 3664 3661
2741 1 qua4 3661 3664 3665 3662
2742 1 qua4 1699 1698 3666 3663
2743 1 qua4 3663 3666 3667 3664
2744 1 qua4 3664 3667 3668 3665
2745 1 qua4 1698 245 1176 3666
2746 1 qua4 3666 1176 1177 3667
2747 1 qua4 3667 1177 1178 3668
2748 1 qua4 1154 3671 1700 238
2749 1 qua4 3671 3674 1699 1700
2750 1 qua4 3674 3677 1698 1699
2751 1 qua4 237 1697 3669 1152
2752 1 qua4 1152 3669 3670 1153
2753 1 qua4 1153 3670 3671 1154
2754 1 qua4 1697 1696 3672 3669
2755 1 qua4 3669 3672 3673 3670
2756 1 qua4 3670 3673 3674 3671
2757 1 qua4 1696 1695 3675 3672
2758 1 qua4 3672 3675 3676 3673
2759 1 qua4 3673 3676 3677 3674
2760 1 qua4 1695 244 1173 3675
2761 1 qua4 3675 1173 1174 3676
2762 1 qua4 3676 1174 1175 3677
2763 1 qua4 1151 3680 1697 237
2764 1 qua4 3680 3683 1696 1697
2765 1 qua4 3683 3686 1695 1696
2766 1 qua4 236 1694 3678 1149
2767 1 qua4 1149 3678 3679 1150
2768 1 qua4 1150 3679 3680 1151
2769 1 qua4 1694 1693 3681 3678
2770 1 qua4 3678 3681 3682 3679
2771 1 qua4 3679 3682 3683 3680
2772 1 qua4 1693 1692 3684 3681
2773 1 qua4 3681 3684 3685 3682
2774 1 qua4 3682 3685 3686 3683
2775 1 qua4 1692 243 1170 3684
2776 1 qua4 3684 1170 1171 3685
2777 1 qua4 3685 1171 1172 3686
2778 1 qua4 1148 3689 1694 236
2779 1 qua4 3689 3692 1693 1694
2780 1 qua4 3692 3695 1692 1693
2781 1 qua4 235 1691 3687 1146
2782 1 qua4 1146 3687 3688 1147
2783 1 qua4 1147 3688 3689 1148
2784 1 qua4 1691 1690 3690 3687
2785 1 qua4 3687 3690 3691 3688
2786 1 qua4 3688 3691 3692 3689
2787 1 qua4 1690 1689 3693 3690
2788 1 qua4 3690 3693 3694 3691
2789 1 qua4 3691 3694 3695 3692
2790 1 qua4 1689 242 1167 3693
2791 1 qua4 3693 1167 1168 3694
2792 1 qua4 3694 1168 1169 3695
2793 1 qua4 1145 3698 1691 235
2794 1 qua4 3698 3701 1690 1691
2795 1 qua4 3701 3704 1689 1690
2796 1 qua4 24 408 3696 1143
2797 1 qua4 1143 3696 3697 1144
2798 1 qua4 1144 3697 3698 1145
2799 1 qua4 408 409 3699 3696
2800 1 qua4 3696 3699 3700 3697
2801 1 qua4 3697 3700 3701 3698
2802 1 qua4 409 410 3702 3699
2803 1 qua4 3699 3702 3703 3700
2804 1 qua4 3700 3703 3704 3701
2805 1 qua4 410 25 1164 3702
2806 1 qua4 3702 1164 1165 3703
2807 1 qua4 3703 1165 1166 3704
2808 1 qua4 1184 3707 1688 248
2809 1 qua4 3707 3710 1687 1688
2810 1 qua4 3710 3713 1686 1687
2811 1 qua4 247 1685 3705 1182
2812 1 qua4 1182 3705 3706 1183
2813 1 qua4 1183 3706 3707 1184
2814 1 qua4 1685 1684 3708 3705
2815 1 qua4 3705 3708 3709 3706
2816 1 qua4 3706 3709 3710 3707
2817 1 qua4 1684 1683 3711 3708
2818 1 qua4 3708 3711 3712 3709
2819 1 qua4 3709 3712 3713 3710
2820 1 qua4 1683 254 1203 3711
2821 1 qua4 3711 1203 1204 3712
2822 1 qua4 3712 1204 1205 3713
2823 1 qua4 1181 3716 1685 247
2824 1 qua4 3716 3719 1684 1685
2825 1 qua4 3719 3722 1683 1684
2826 1 qua4 246 1682 3714 1179
2827 1 qua4 1179 3714 3715 1180
2828 1 qua4 1180 3715 3716 1181
2829 1 qua4 1682 1681 3717 3714
2830 1 qua4 3714 3717 3718 3715
2831 1 qua4 3715 3718 3719 3716
2832 1 qua4 1681 1680 3720 3717
2833 1 qua4 3717 3720 3721 3718
2834 1 qua4 3718 3721 3722 3719
2835 1 qua4 1680 253 1200 3720
2836 1 qua4 3720 1200 1201 3721
2837 1 qua4 3721 1201 1202 3722
2838 1 qua4 1178 3725 1682 246
2839 1 qua4 3725 3728 1681 1682
2840 1 qua4 3728 3731 1680 1681
2841 1 qua4 245 1679 3723 1176
2842 1 qua4 1176 3723 3724 1177
2843 1 qua4 1177 3724 3725 1178
2844 1 qua4 1679 1678 3726 3723
2845 1 qua4 3723 3726 3727 3724
2846 1 qua4 3724 3727 3728 3725
2847 1 qua4 1678 1677 3729 3726
2848 1 qua4 3726 3729 3730 3727
2849 1 qua4 3727 3730 3731 3728
2850 1 qua4 1677 252 1197 3729
2851 1 qua4 3729 1197 1198 3730
2852 1 qua4 3730 1198 1199 3731
2853 1 qua4 1175 3734 1679 245
2854 1 qua4 3734 3737 1678 1679
2855 1 qua4 3737 3740 1677 1678
2856 1 qua4 244 1676 3732 1173
2857 1 qua4 1173 3732 3733 1174
2858 1 qua4 1174 3733 3734 1175
2859 1 qua4 1676 1675 3735 3732
2860 1 qua4 3732 3735 3736 3733
2861 1 qua4 3733 3736 3737 3734
2862 1 qua4 1675 1674 3738 3735
2863 1 qua4 3735 3738 3739 3736
2864 1 qua4 3736 3739 3740 3737
2865 1 qua4 1674 251 1194 3738
2866 1 qua4 3738 1194 1195 3739
2867 1 qua4 3739 1195 1196 3740
2868 1 qua4 1172 3743 1676 244
2869 1 qua4 3743 3746 1675 1676
2870 1 qua4 3746 3749 1674 1675
2871 1 qua4 243 1673 3741 1170
2872 1 qua4 1170 3741 3742 1171
2873 1 qua4 1171 3742 3743 1172
2874 1 qua4 1673 1672 3744 3741
2875 1 qua4 3741 3744 3745 3742
2876 1 qua4 3742 3745 3746 3743
2877 1 qua4 1672 1671 3747 3744
2878 1 qua4 3744 3747 3748 3745
2879 1 qua4 3745 3748 3749 3746
2880 1 qua4 1671 250 1191 3747
2881 1 qua4 3747 1191 1192 3748
2882 1 qua4 3748 1192 1193 3749
2883 1 qua4 1169 3752 1673 243
2884 1 qua4 3752 3755 1672 1673
2885 1 qua4 3755 3758 1671 1672
2886 1 qua4 242 1670 3750 1167
2887 1 qua4 1167 3750 3751 1168
2888 1 qua4 1168 3751 3752 1169
2889 1 qua4 1670 1669 3753 3750
2890 1 qua4 3750 3753 3754 3751
2891 1 qua4 3751 3754 3755 3752
2892 1 qua4 1669 1668 3756 3753
2893 1 qua4 3753 3756 3757 3754
2894 1 qua4 3754 3757 3758 3755
2895 1 qua4 1668 249 1188 3756
2896 1 qua4 3756 1188 1189 3757
2897 1 qua4 3757 1189 1190 3758
2898 1 qua4 1166 3761 1670 242
2899 1 qua4 3761 3764 1669 1670
2900 1 qua4 3764 3767 1668 1669
2901 1 qua4 25 411 3759 1164
2902 1 qua4 1164 3759 3760 1165
2903 1 qua4 1165 3760 3761 1166
2904 1 qua4 411 412 3762 3759
2905 1 qua4 3759 3762 3763 3760
2906 1 qua4 3760 3763 3764 3761
2907 1 qua4 412 413 3765 3762
2908 1 qua4 3762 3765 3766 3763
2909 1 qua4 3763 3766 3767 3764
2910 1 qua4 413 26 1185 3765
2911 1 qua4 3765 1185 1186 3766
2912 1 qua4 3766 1186 1187 3767
2913 1 qua4 1205 3770 1667 255
2914 1 qua4 3770 3773 1666 1667
2915 1 qua4 3773 3776 1665 1666
2916 1 qua4 254 1664 3768 1203
2917 1 qua4 1203 3768 3769 1204
2918 1 qua4 1204 3769 3770 1205
2919 1 qua4 1664 1663 3771 3768
2920 1 qua4 3768 3771 3772 3769
2921 1 qua4 3769 3772 3773 3770
2922 1 qua4 1663 1662 3774 3771
2923 1 qua4 3771 3774 3775 3772
2924 1 qua4 3772 3775 3776 3773
2925 1 qua4 1662 261 1224 3774
2926 1 qua4 3774 1224 1225 3775
2927 1 qua4 3775 1225 1226 3776
2928 1 qua4 1202 3779 1664 254
2929 1 qua4 3779 3782 1663 1664
2930 1 qua4 3782 3785 1662 1663
2931 1 qua4 253 1661 3777 1200
2932 1 qua4 1200 3777 3778 1201
2933 1 qua4 1201 3778 3779 1202
2934 1 qua4 1661 1660 3780 3777
2935 1 qua4 3777 3780 3781 3778
2936 1 qua4 3778 3781 3782 3779
2937 1 qua4 1660 1659 3783 3780
2938 1 qua4 3780 3783 3784 3781
2939 1 qua4 3781 3784 3785 3782
2940 1 qua4 1659 260 1221 3783
2941 1 qua4 3783 1221 1222 3784
2942 1 qua4 3784 1222 1223 3785
2943 1 qua4 1199 3788 1661 253
2944 1 qua4 3788 3791 1660 1661
2945 1 qua4 3791 3794 1659 1660
2946 1 qua4 252 1658 3786 1197
2947 1 qua4 1197 3786 3787 1198
2948 1 qua4 1198 3787 3788 1199
2949 1 qua4 1658 1657 3789 3786
2950 1 qua4 3786 3789 3790 3787
2951 1 qua4 3787 3790 3791 3788
2952 1 qua4 1657 1656 3792 3789
2953 1 qua4 3789 3792 3793 3790
2954 1 qua4 3790 3793 3794 3791
2955 1 qua4 1656 259 1218 3792
2956 1 qua4 3792 1218 1219 3793
2957 1 qua4 3793 1219 1220 3794
2958 1 qua4 1196 3797 1658 252
2959 1 qua4 3797 3800 1657 1658
2960 1 qua4 3800 3803 1656 1657
2961 1 qua4 251 1655 3795 1194
2962 1 qua4 1194 3795 3796 1195
2963 1 qua4 1195 3796 3797 1196
2964 1 qua4 1655 1654 3798 3795
2965 1 qua4 3795 3798 3799 3796
2966 1 qua4 3796 3799 3800 3797
2967 1 qua4 1654 1653 3801 3798
2968 1 qua4 3798 3801 3802 3799
2969 1 qua4 3799 3802 3803 3800
2970 1 qua4 1653 258 1215 3801
2971 1 qua4 3801 1215 1216 3802
2972 1 qua4 3802 1216 1217 3803
2973 1 qua4 1193 3806 1655 251
2974 1 qua4 3806 3809 1654 1655
2975 1 qua4 3809 3812 1653 1654
2976 1 qua4 250 1652 3804 1191
2977 1 qua4 1191 3804 3805 1192
2978 1 qua4 1192 3805 3806 1193
2979 1 qua4 1652 1651 3807 3804
2980 1 qua4 3804 3807 3808 3805
2981 1 qua4 3805 3808 3809 3806
2982 1 qua4 1651 1650 3810 3807
2983 1 qua4 3807 3810 3811 3808
2984 1 qua4 3808 3811 3812 3809
2985 1 qua4 1650 257 1212 3810
2986 1 qua4 3810 1212 1213 3811
2987 1 qua4 3811 1213 1214 3812
2988 1 qua4 1190 3815 1652 250
2989 1 qua4 3815 3818 1651 1652
2990 1 qua4 3818 3821 1650 1651
2991 1 qua4 249 1649 3813 1188
2992 1 qua4 1188 3813 3814 1189
2993 1 qua4 1189 3814 3815 1190
2994 1 qua4 1649 1648 3816 3813
2995 1 qua4 3813 3816 3817 3814
2996 1 qua4 3814 3817 3818 3815
2997 1 qua4 1648 1647 3819 3816
2998 1 qua4 3816 3819 3820 3817
2999 1 qua4 3817 3820 3821 3818
3000 1 qua4 1647 256 1209 3819
3001 1 qua4 3819 1209 1210 3820
3002 1 qua4 3820 1210 1211 3821
3003 1 qua4 1187 3824 1649 249
3004 1 qua4 3824 3827 1648 1649
3005 1 qua4 3827 3830 1647 1648
3006 1 qua4 26 414 3822 1185
3007 1 qua4 1185 3822 3823 1186
3008 1 qua4 1186 3823 3824 1187
3009 1 qua4 414 415 3825 3822
3010 1 qua4 3822 3825 3826 3823
3011 1 qua4 3823 3826 3827 3824
3012 1 qua4 415 416 3828 3825
3013 1 qua4 3825 3828 3829 3826
3014 1 qua4 3826 3829 3830 3827
3015 1 qua4 416 27 1206 3828
3016 1 qua4 3828 1206 1207 3829
3017 1 qua4 3829 1207 1208 3830
3018 1 qua4 1226 3833 1646 262
3019 1 qua4 3833 3836 1645 1646
3020 1 qua4 3836 3839 1644 1645
3021 1 qua4 261 1643 3831 1224
3022 1 qua4 1224 3831 3832 1225
3023 1 qua4 1225 3832 3833 1226
3024 1 qua4 1643 1642 3834 3831
3025 1 qua4 3831 3834 3835 3832
3026 1 qua4 3832 3835 3836 3833
3027 1 qua4 1642 1641 3837 3834
3028 1 qua4 3834 3837 3838 3835
3029 1 qua4 3835 3838 3839 3836
3030 1 qua4 1641 268 1245 3837
3031 1 qua4 3837 1245 1246 3838
3032 1 qua4 3838 1246 1247 3839
3033 1 qua4 1223 3842 1643 261
3034 1 qua4 3842 3845 1642 1643
3035 1 qua4 3845 3848 1641 1642
3036 1 qua4 260 1640 3840 1221
3037 1 qua4 1221 3840 3841 1222
3038 1 qua4 1222 3841 3842 1223
3039 1 qua4 1640 1639 3843 3840
3040 1 qua4 3840 3843 3844 3841
3041 1 qua4 3841 3844 3845 3842
3042 1 qua4 1639 1638 3846 3843
3043 1 qua4 3843 3846 3847 3844
3044 1 qua4 3844 3847 3848 3845
3045 1 qua4 1638 267 1242 3846
3046 1 qua4 3846 1242 1243 3847
3047 1 qua4 3847 1243 1244 3848
3048 1 qua4 1220 3851 1640 260
3049 1 qua4 3851 3854 1639 1640
3050 1 qua4 3854 3857 1638 1639
3051 1 qua4 259 1637 3849 1218
3052 1 qua4 1218 3849 3850 1219
3053 1 qua4 1219 3850 3851 1220
3054 1 qua4 1637 1636 3852 3849
3055 1 qua4 3849 3852 3853 3850
3056 1 qua4 3850 3853 3854 3851
3057 1 qua4 1636 1635 3855 3852
3058 1 qua4 3852 3855 3856 3853
3059 1 qua4 3853 3856 3857 3854
3060 1 qua4 1635 266 1239 3855
3061 1 qua4 3855 1239 1240 3856
3062 1 qua4 3856 1240 1241 3857
3063 1 qua4 1217 3860 1637 259
3064 1 qua4 3860 3863 1636 1637
3065 1 qua4 3863 3866 1635 1636
3066 1 qua4 258 1634 3858 1215
3067 1 qua4 1215 3858 3859 1216
3068 1 qua4 1216 3859 3860 1217
3069 1 qua4 1634 1633 3861 3858
3070 1 qua4 3858 3861 3862 3859
3071 1 qua4 3859 3862 3863 3860
3072 1 qua4 1633 1632 3864 3861
3073 1 qua4 3861 3864 3865 3862
3074 1 qua4 3862 3865 3866 3863
3075 1 qua4 1632 265 1236 3864
3076 1 qua4 3864 1236 1237 3865
3077 1 qua4 3865 1237 1238 3866
3078 1 qua4 1214 3869 1634 258
3079 1 qua4 3869 3872 1633 1634
3080 1 qua4 3872 3875 1632 1633
3081 1 qua4 257 1631 3867 1212
3082 1 qua4 1212 3867 3868 1213
3083 1 qua4 1213 3868 3869 1214
3084 1 qua4 1631 1630 3870 3867
3085 1 qua4 3867 3870 3871 3868
3086 1 qua4 3868 3871 3872 3869
3087 1 qua4 1630 1629 3873 3870
3088 1 qua4 3870 3873 3874 3871
3089 1 qua4 3871 3874 3875 3872
3090 1 qua4 1629 264 1233 3873
3091 1 qua4 3873 1233 1234 3874
3092 1 qua4 3874 1234 1235 3875
3093 1 qua4 1211 3878 1631 257
3094 1 qua4 3878 3881 1630 1631
3095 1 qua4 3881 3884 1629 1630
3096 1 qua4 256 1628 3876 1209
3097 1 qua4 1209 3876 3877 1210
3098 1 qua4 1210 3877 3878 1211
3099 1 qua4 1628 1627 3879 3876
3100 1 qua4 3876 3879 3880 3877
3101 1 qua4 3877 3880 3881 3878
3102 1 qua4 1627 1626 3882 3879
3103 1 qua4 3879 3882 3883 3880
3104 1 qua4 3880 3883 3884 3881
3105 1 qua4 1626 263 1230 3882
3106 1 qua4 3882 1230 1231 3883
3107 1 qua4 3883 1231 1232 3884
3108 1 qua4 1208 3887 1628 256
3109 1 qua4 3887 3890 1627 1628
3110 1 qua4 3890 3893 1626 1627
3111 1 qua4 27 417 3885 1206
3112 1 qua4 1206 3885 3886 1207
3113 1 qua4 1207 3886 3887 1208
3114 1 qua4 417 418 3888 3885
3115 1 qua4 3885 3888 3889 3886
3116 1 qua4 3886 3889 3890 3887
3117 1 qua4 418 419 3891 3888
3118 1 qua4 3888 3891 3892 3889
3119 1 qua4 3889 3892 3893 3890
3120 1 qua4 419 28 1227 3891
3121 1 qua4 3891 1227 1228 3892
3122 1 qua4 3892 1228 1229 3893
3123 1 qua4 1247 3896 1625 269
3124 1 qua4 3896 3899 1624 1625
3125 1 qua4 3899 3902 1623 1624
3126 1 qua4 268 1622 3894 1245
3127 1 qua4 1245 3894 3895 1246
3128 1 qua4 1246 3895 3896 1247
3129 1 qua4 1622 1621 3897 3894
3130 1 qua4 3894 3897 3898 3895
3131 1 qua4 3895 3898 3899 3896
3132 1 qua4 1621 1620 3900 3897
3133 1 qua4 3897 3900 3901 3898
3134 1 qua4 3898 3901 3902 3899
3135 1 qua4 1620 275 1266 3900
3136 1 qua4 3900 1266 1267 3901
3137 1 qua4 3901 1267 1268 3902
3138 1 qua4 1244 3905 1622 268
3139 1 qua4 3905 3908 1621 1622
3140 1 qua4 3908 3911 1620 1621
3141 1 qua4 267 1619 3903 1242
3142 1 qua4 1242 3903 3904 1243
3143 1 qua4 1243 3904 3905 1244
3144 1 qua4 1619 1618 3906 3903
3145 1 qua4 3903 3906 3907 3904
3146 1 qua4 3904 3907 3908 3905
3147 1 qua4 1618 1617 3909 3906
3148 1 qua4 3906 3909 3910 3907
3149 1 qua4 3907 3910 3911 3908
3150 1 qua4 1617 274 1263 3909
3151 1 qua4 3909 1263 1264 3910
3152 1 qua4 3910 1264 1265 3911
3153 1 qua4 1241 3914 1619 267
3154 1 qua4 3914 3917 1618 1619
3155 1 qua4 3917 3920 1617 1618
3156 1 qua4 266 1616 3912 1239
3157 1 qua4 1239 3912 3913 1240
3158 1 qua4 1240 3913 3914 1241
3159 1 qua4 1616 1615 3915 3912
3160 1 qua4 3912 3915 3916 3913
3161 1 qua4 3913 3916 3917 3914
3162 1 qua4 1615 1614 3918 3915
3163 1 qua4 3915 3918 3919 3916
3164 1 qua4 3916 3919 3920 3917
3165 1 qua4 1614 273 1260 3918
3166 1 qua4 3918 1260 1261 3919
3167 1 qua4 3919 1261 1262 3920
3168 1 qua4 1238 3923 1616 266
3169 1 qua4 3923 3926 1615 1616
3170 1 qua4 3926 3929 1614 1615
3171 1 qua4 265 1613 3921 1236
3172 1 qua4 1236 3921 3922 1237
3173 1 qua4 1237 3922 3923 1238
3174 1 qua4 1613 1612 3924 3921
3175 1 qua4 3921 3924 3925 3922
3176 1 qua4 3922 3925 3926 3923
3177 1 qua4 1612 1611 3927 3924
3178 1 qua4 3924 3927 3928 3925
3179 1 qua4 3925 3928 3929 3926
3180 1 qua4 1611 272 1257 3927
3181 1 qua4 3927 1257 1258 3928
3182 1 qua4 3928 1258 1259 3929
3183 1 qua4 1235 3932 1613 265
3184 1 qua4 3932 3935 1612 1613
3185 1 qua4 3935 3938 1611 1612
3186 1 qua4 264 1610 3930 1233
3187 1 qua4 1233 3930 3931 1234
3188 1 qua4 1234 3931 3932 1235
3189 1 qua4 1610 1609 3933 3930
3190 1 qua4 3930 3933 3934 3931
3191 1 qua4 3931 3934 3935 3932
3192 1 qua4 1609 1608 3936 3933
3193 1 qua4 3933 3936 3937 3934
3194 1 qua4 3934 3937 3938 3935
3195 1 qua4 1608 271 1254 3936
3196 1 qua4 3936 1254 1255 3937
3197 1 qua4 3937 1255 1256 3938
3198 1 qua4 1232 3941 1610 264
3199 1 qua4 3941 3944 1609 1610
3200 1 qua4 3944 3947 1608 1609
3201 1 qua4 263 1607 3939 1230
3202 1 qua4 1230 3939 3940 1231
3203 1 qua4 1231 3940 3941 1232
3204 1 qua4 1607 1606 3942 3939
3205 1 qua4 3939 3942 3943 3940
3206 1 qua4 3940 3943 3944 3941
3207 1 qua4 1606 1605 3945 3942
3208 1 qua4 3942 3945 3946 3943
3209 1 qua4 3943 3946 3947 3944
3210 1 qua4 1605 270 1251 3945
3211 1 qua4 3945 1251 1252 3946
3212 1 qua4 3946 1252 1253 3947
3213 1 qua4 1229 3950 1607 263
3214 1 qua4 3950 3953 1606 1607
3215 1 qua4 3953 3956 1605 1606
3216 1 qua4 28 420 3948 1227
3217 1 qua4 1227 3948 3949 1228
3218 1 qua4 1228 3949 3950 1229
3219 1 qua4 420 421 3951 3948
3220 1 qua4 3948 3951 3952 3949
3221 1 qua4 3949 3952 3953 3950
3222 1 qua4 421 422 3954 3951
3223 1 qua4 3951 3954 3955 3952
3224 1 qua4 3952 3955 3956 3953
3225 1 qua4 422 29 1248 3954
3226 1 qua4 3954 1248 1249 3955
3227 1 qua4 3955 1249 1250 3956
3228 1 qua4 1268 3959 1604 276
3229 1 qua4 3959 3962 1603 1604
3230 1 qua4 3962 3965 1602 1603
3231 1 qua4 275 1601 3957 1266
3232 1 qua4 1266 3957 3958 1267
3233 1 qua4 1267 3958 3959 1268
3234 1 qua4 1601 1600 3960 3957
3235 1 qua4 3957 3960 3961 3958
3236 1 qua4 3958 3961 3962 3959
3237 1 qua4 1600 1599 3963 3960
3238 1 qua4 3960 3963 3964 3961
3239 1 qua4 3961 3964 3965 3962
3240 1 qua4 1599 282 1287 3963
3241 1 qua4 3963 1287 1288 3964
3242 1 qua4 3964 1288 1289 3965
3243 1 qua4 1265 3968 1601 275
3244 1 qua4 3968 3971 1600 1601
3245 1 qua4 3971 3974 1599 1600
3246 1 qua4 274 1598 3966 1263
3247 1 qua4 1263 3966 3967 1264
3248 1 qua4 1264 3967 3968 1265
3249 1 qua4 1598 1597 3969 3966
3250 1 qua4 3966 3969 3970 3967
3251 1 qua4 3967 3970 3971 3968
3252 1 qua4 1597 1596 3972 3969
3253 1 qua4 3969 3972 3973 3970
3254 1 qua4 3970 3973 3974 3971
3255 1 qua4 1596 281 1284 3972
3256 1 qua4 3972 1284 1285 3973
3257 1 qua4 3973 1285 1286 3974
3258 1 qua4 1262 3977 1598 274
3259 1 qua4 3977 3980 1597 1598
3260 1 qua4 3980 3983 1596 1597
3261 1 qua4 273 1595 3975 1260
3262 1 qua4 1260 3975 3976 1261
3263 1 qua4 1261 3976 3977 1262
3264 1 qua4 1595 1594 3978 3975
3265 1 qua4 3975 3978 3979 3976
3266 1 qua4 3976 3979 3980 3977
3267 1 qua4 1594 1593 3981 3978
3268 1 qua4 3978 3981 3982 3979
3269 1 qua4 3979 3982 3983 3980
3270 1 qua4 1593 280 1281 3981
3271 1 qua4 3981 1281 1282 3982
3272 1 qua4 3982 1282 1283 3983
3273 1 qua4 1259 3986 1595 273
3274 1 qua4 3986 3989 1594 1595
3275 1 qua4 3989 3992 1593 1594
3276 1 qua4 272 1592 3984 1257
3277 1 qua4 1257 3984 3985 1258
3278 1 qua4 1258 3985 3986 1259
3279 1 qua4 1592 1591 3987 3984
3280 1 qua4 3984 3987 3988 3985
3281 1 qua4 3985 3988 3989 3986
3282 1 qua4 1591 1590 3990 3987
3283 1 qua4 3987 3990 3991 3988
3284 1 qua4 3988 3991 3992 3989
3285 1 qua4 1590 279 1278 3990
3286 1 qua4 3990 1278 1279 3991
3287 1 qua4 3991 1279 1280 3992
3288 1 qua4 1256 3995 1592 272
3289 1 qua4 3995 3998 1591 1592
3290 1 qua4 3998 4001 1590 1591
3291 1 qua4 271 1589 3993 1254
3292 1 qua4 1254 3993 3994 1255
3293 1 qua4 1255 3994 3995 1256
3294 1 qua4 1589 1588 3996 3993
3295 1 qua4 3993 3996 3997 3994
3296 1 qua4 3994 3997 3998 3995
3297 1 qua4 1588 1587 3999 3996
3298 1 qua4 3996 3999 4000 3997
3299 1 qua4 3997 4000 4001 3998
3300 1 qua4 1587 278 1275 3999
3301 1 qua4 3999 1275 1276 4000
3302 1 qua4 4000 1276 1277 4001
3303 1 qua4 1253 4004 1589 271
3304 1 qua4 4004 4007 1588 1589
3305 1 qua4 4007 4010 1587 1588
3306 1 qua4 270 1586 4002 1251
3307 1 qua4 1251 4002 4003 1252
3308 1 qua4 1252 4003 4004 1253
3309 1 qua4 1586 1585 4005 4002
3310 1 qua4 4002 4005 4006 4003
3311 1 qua4 4003 4006 4007 4004
3312 1 qua4 1585 1584 4008 4005
3313 1 qua4 4005 4008 4009 4006
3314 1 qua4 4006 4009 4010 4007
3315 1 qua4 1584 277 1272 4008
3316 1 qua4 4008 1272 1273 4009
3317 1 qua4 4009 1273 1274 4010
3318 1 qua4 1250 4013 1586 270
3319 1 qua4 4013 4016 1585 1586
3320 1 qua4 4016 4019 1584 1585
3321 1 qua4 29 423 4011 1248
3322 1 qua4 1248 4011 4012 1249
3323 1 qua4 1249 4012 4013 1250
3324 1 qua4 423 424 4014 4011
3325 1 qua4 4011 4014 4015 4012
3326 1 qua4 4012 4015 4016 4013
3327 1 qua4 424 425 4017 4014
3328 1 qua4 4014 4017 4018 4015
3329 1 qua4 4015 4018 4019 4016
3330 1 qua4 425 30 1269 4017
3331 1 qua4 4017 1269 1270 4018
3332 1 qua4 4018 1270 1271 4019
3333 1 qua4 1289 4022 1583 283
3334 1 qua4 4022 4025 1582 1583
3335 1 qua4 4025 4028 1581 1582
3336 1 qua4 282 1580 4020 1287
3337 1 qua4 1287 4020 4021 1288
3338 1 qua4 1288 4021 4022 1289
3339 1 qua4 1580 1579 4023 4020
3340 1 qua4 4020 4023 4024 4021
3341 1 qua4 4021 4024 4025 4022
3342 1 qua4 1579 1578 4026 4023
3343 1 qua4 4023 4026 4027 4024
3344 1 qua4 4024 4027 4028 4025
3345 1 qua4 1578 289 1308 4026
3346 1 qua4 4026 1308 1309 4027
3347 1 qua4 4027 1309 1310 4028
3348 1 qua4 1286 4031 1580 282
3349 1 qua4 4031 4034 1579 1580
3350 1 qua4 4034 4037 1578 1579
3351 1 qua4 281 1577 4029 1284
3352 1 qua4 1284 4029 4030 1285
3353 1 qua4 1285 4030 4031 1286
3354 1 qua4 1577 1576 4032 4029
3355 1 qua4 4029 4032 4033 4030
3356 1 qua4 4030 4033 4034 4031
3357 1 qua4 1576 1575 4035 4032
3358 1 qua4 4032 4035 4036 4033
3359 1 qua4 4033 4036 4037 4034
3360 1 qua4 1575 288 1305 4035
3361 1 qua4 4035 1305 1306 4036
3362 1 qua4 4036 1306 1307 4037
3363 1 qua4 1283 4040 1577 281
3364 1 qua4 4040 4043 1576 1577
3365 1 qua4 4043 4046 1575 1576
3366 1 qua4 280 1574 4038 1281
3367 1 qua4 1281 4038 4039 1282
3368 1 qua4 1282 4039 4040 1283
3369 1 qua4 1574 1573 4041 4038
3370 1 qua4 4038 4041 4042 4039
3371 1 qua4 4039 4042 4043 4040
3372 1 qua4 1573 1572 4044 4041
3373 1 qua4 4041 4044 4045 4042
3374 1 qua4 4042 4045 4046 4043
3375 1 qua4 1572 287 1302 4044
3376 1 qua4 4044 1302 1303 4045
3377 1 qua4 4045 1303 1304 4046
3378 1 qua4 1280 4049 1574 280
3379 1 qua4 4049 4052 1573 1574
3380 1 qua4 4052 4055 1572 1573
3381 1 qua4 279 1571 4047 1278
3382 1 qua4 1278 4047 4048 1279
3383 1 qua4 1279 4048 4049 1280
3384 1 qua4 1571 1570 4050 4047
3385 1 qua4 4047 4050 4051 4048
3386 1 qua4 4048 4051 4052 4049
3387 1 qua4 1570 1569 4053 4050
3388 1 qua4 4050 4053 4054 4051
3389 1 qua4 4051 4054 4055 4052
3390 1 qua4 1569 286 1299 4053
3391 1 qua4 4053 1299 1300 4054
3392 1 qua4 4054 1300 1301 4055
3393 1 qua4 1277 4058 1571 279
3394 1 qua4 4058 4061 1570 1571
3395 1 qua4 4061 4064 1569 1570
3396 1 qua4 278 1568 4056 1275
3397 1 qua4 1275 4056 4057 1276
3398 1 qua4 1276 4057 4058 1277
3399 1 qua4 1568 1567 4059 4056
3400 1 qua4 4056 4059 4060 4057
3401 1 qua4 4057 4060 4061 4058
3402 1 qua4 1567 1566 4062 4059
3403 1 qua4 4059 4062 4063 4060
3404 1 qua4 4060 4063 4064 4061
3405 1 qua4 1566 285 1296 4062
3406 1 qua4 4062 1296 1297 4063
3407 1 qua4 4063 1297 1298 4064
3408 1 qua4 1274 4067 1568 278
3409 1 qua4 4067 4070 1567 1568
3410 1 qua4 4070 4073 1566 1567
3411 1 qua4 277 1565 4065 1272
3412 1 qua4 1272 4065 4066 1273
3413 1 qua4 1273 4066 4067 1274
3414 1 qua4 1565 1564 4068 4065
3415 1 qua4 4065 4068 4069 4066
3416 1 qua4 4066 4069 4070 4067
3417 1 qua4 1564 1563 4071 4068
3418 1 qua4 4068 4071 4072 4069
3419 1 qua4 4069 4072 4073 4070
3420 1 qua4 1563 284 1293 4071
3421 1 qua4 4071 1293 1294 4072
3422 1 qua4 4072 1294 1295 4073
3423 1 qua4 1271 4076 1565 277
3424 1 qua4 4076 4079 1564 1565
3425 1 qua4 4079 4082 1563 1564
3426 1 qua4 30 426 4074 1269
3427 1 qua4 1269 4074 4075 1270
3428 1 qua4 1270 4075 4076 1271
3429 1 qua4 426 427 4077 4074
3430 1 qua4 4074 4077 4078 4075
3431 1 qua4 4075 4078 4079 4076
3432 1 qua4 427 428 4080 4077
3433 1 qua4 4077 4080 4081 4078
3434 1 qua4 4078 4081 4082 4079
3435 1 qua4 428 31 1290 4080
3436 1 qua4 4080 1290 1291 4081
3437 1 qua4 4081 1291 1292 4082
3438 1 qua4 1310 4085 1562 290
3439 1 qua4 4085 4088 1561 1562
3440 1 qua4 4088 4091 1560 1561
3441 1 qua4 289 1559 4083 1308
3442 1 qua4 1308 4083 4084 1309
3443 1 qua4 1309 4084 4085 1310
3444 1 qua4 1559 1558 4086 4083
3445 1 qua4 4083 4086 4087 4084
3446 1 qua4 4084 4087 4088 4085
3447 1 qua4 1558 1557 4089 4086
3448 1 qua4 4086 4089 4090 4087
3449 1 qua4 4087 4090 4091 4088
3450 1 qua4 1557 296 1329 4089
3451 1 qua4 4089 1329 1330 4090
3452 1 qua4 4090 1330 1331 4091
3453 1 qua4 1307 4094 1559 289
3454 1 qua4 4094 4097 1558 1559
3455 1 qua4 4097 4100 1557 1558
3456 1 qua4 288 1556 4092 1305
3457 1 qua4 1305 4092 4093 1306
3458 1 qua4 1306 4093 4094 1307
3459 1 qua4 1556 1555 4095 4092
3460 1 qua4 4092 4095 4096 4093
3461 1 qua4 4093 4096 4097 4094
3462 1 qua4 1555 1554 4098 4095
3463 1 qua4 4095 4098 4099 4096
3464 1 qua4 4096 4099 4100 4097
3465 1 qua4 1554 295 1326 4098
3466 1 qua4 4098 1326 1327 4099
3467 1 qua4 4099 1327 1328 4100
3468 1 qua4 1304 4103 1556 288
3469 1 qua4 4103 4106 1555 1556
3470 1 qua4 4106 4109 1554 1555
3471 1 qua4 287 1553 4101 1302
3472 1 qua4 1302 4101 4102 1303
3473 1 qua4 1303 4102 4103 1304
3474 1 qua4 1553 1552 4104 4101
3475 1 qua4 4101 4104 4105 4102
3476 1 qua4 4102 4105 4106 4103
3477 1 qua4 1552 1551 4107 4104
3478 1 qua4 4104 4107 4108 4105
3479 1 qua4 4105 4108 4109 4106
3480 1 qua4 1551 294 1323 4107
3481 1 qua4 4107 1323 1324 4108
3482 1 qua4 4108 1324 1325 4109
3483 1 qua4 1301 4112 1553 287
3484 1 qua4 4112 4115 1552 1553
3485 1 qua4 4115 4118 1551 1552
3486 1 qua4 286 1550 4110 1299
3487 1 qua4 1299 4110 4111 1300
3488 1 qua4 1300 4111 4112 1301
3489 1 qua4 1550 1549 4113 4110
3490 1 qua4 4110 4113 4114 4111
3491 1 qua4 4111 4114 4115 4112
3492 1 qua4 1549 1548 4116 4113
3493 1 qua4 4113 4116 4117 4114
3494 1 qua4 4114 4117 4118 4115
3495 1 qua4 1548 293 1320 4116
3496 1 qua4 4116 1320 1321 4117
3497 1 qua4 4117 1321 1322 4118
3498 1 qua4 1298 4121 1550 286
3499 1 qua4 4121 4124 1549 1550
3500 1 qua4 4124 4127 1548 1549
3501 1 qua4 285 1547 4119 1296
3502 1 qua4 1296 4119 4120 1297
3503 1 qua4 1297 4120 4121 1298
3504 1 qua4 1547 1546 4122 4119
3505 1 qua4 4119 4122 4123 4120
3506 1 qua4 4120 4123 4124 4121
3507 1 qua4 1546 1545 4125 4122
3508 1 qua4 4122 4125 4126 4123
3509 1 qua4 4123 4126 4127 4124
3510 1 qua4 1545 292 1317 4125
3511 1 qua4 4125 1317 1318 4126
3512 1 qua4 4126 1318 1319 4127
3513 1 qua4 1295 4130 1547 285
3514 1 qua4 4130 4133 1546 1547
3515 1 qua4 4133 4136 1545 1546
3516 1 qua4 284 1544 4128 1293
3517 1 qua4 1293 4128 4129 1294
3518 1 qua4 1294 4129 4130 1295
3519 1 qua4 1544 1543 4131 4128
3520 1 qua4 4128 4131 4132 4129
3521 1 qua4 4129 4132 4133 4130
3522 1 qua4 1543 1542 4134 4131
3523 1 qua4 4131 4134 4135 4132
3524 1 qua4 4132 4135 4136 4133
3525 1 qua4 1542 291 1314 4134
3526 1 qua4 4134 1314 1315 4135
3527 1 qua4 4135 1315 1316 4136
3528 1 qua4 1292 4139 1544 284
3529 1 qua4 4139 4142 1543 1544
3530 1 qua4 4142 4145 1542 1543
3531 1 qua4 31 429 4137 1290
3532 1 qua4 1290 4137 4138 1291
3533 1 qua4 1291 4138 4139 1292
3534 1 qua4 429 430 4140 4137
3535 1 qua4 4137 4140 4141 4138
3536 1 qua4 4138 4141 4142 4139
3537 1 qua4 430 431 4143 4140
3538 1 qua4 4140 4143 4144 4141
3539 1 qua4 4141 4144 4145 4142
3540 1 qua4 431 32 1311 4143
3541 1 qua4 4143 1311 1312 4144
3542 1 qua4 4144 1312 1313 4145
3543 1 qua4 1331 4148 1541 297
3544 1 qua4 4148 4151 1540 1541
3545 1 qua4 4151 4154 1539 1540
3546 1 qua4 296 1538 4146 1329
3547 1 qua4 1329 4146 4147 1330
3548 1 qua4 1330 4147 4148 1331
3549 1 qua4 1538 1537 4149 4146
3550 1 qua4 4146 4149 4150 4147
3551 1 qua4 4147 4150 4151 4148
3552 1 qua4 1537 1536 4152 4149
3553 1 qua4 4149 4152 4153 4150
3554 1 qua4 4150 4153 4154 4151
3555 1 qua4 1536 303 1350 4152
3556 1 qua4 4152 1350 1351 4153
3557 1 qua4 4153 1351 1352 4154
3558 1 qua4 1328 4157 1538 296
3559 1 qua4 4157 4160 1537 1538
3560 1 qua4 4160 4163 1536 1537
3561 1 qua4 295 1535 4155 1326
3562 1 qua4 1326 4155 4156 1327
3563 1 qua4 1327 4156 4157 1328
3564 1 qua4 1535 1534 4158 4155
3565 1 qua4 4155 4158 4159 4156
3566 1 qua4 4156 4159 4160 4157
3567 1 qua4 1534 1533 4161 4158
3568 1 qua4 4158 4161 4162 4159
3569 1 qua4 4159 4162 4163 4160
3570 1 qua4 1533 302 1347 4161
3571 1 qua4 4161 1347 1348 4162
3572 1 qua4 4162 1348 1349 4163
3573 1 qua4 1325 4166 1535 295
3574 1 qua4 4166 4169 1534 1535
3575 1 qua4 4169 4172 1533 1534
3576 1 qua4 294 1532 4164 1323
3577 1 qua4 1323 4164 4165 1324
3578 1 qua4 1324 4165 4166 1325
3579 1 qua4 1532 1531 4167 4164
3580 1 qua4 4164 4167 4168 4165
3581 1 qua4 4165 4168 4169 4166
3582 1 qua4 1531 1530 4170 4167
3583 1 qua4 4167 4170 4171 4168
3584 1 qua4 4168 4171 4172 4169
3585 1 qua4 1530 301 1344 4170
3586 1 qua4 4170 1344 1345 4171
3587 1 qua4 4171 1345 1346 4172
3588 1 qua4 1322 4175 1532 294
3589 1 qua4 4175 4178 1531 1532
3590 1 qua4 4178 4181 1530 1531
3591 1 qua4 293 1529 4173 1320
3592 1 qua4 1320 4173 4174 1321
3593 1 qua4 1321 4174 4175 1322
3594 1 qua4 1529 1528 4176 4173
3595 1 qua4 4173 4176 4177 4174
3596 1 qua4 4174 4177 4178 4175
3597 1 qua4 1528 1527 4179 4176
3598 1 qua4 4176 4179 4180 4177
3599 1 qua4 4177 4180 4181 4178
3600 1 qua4 1527 300 1341 4179
3601 1 qua4 4179 1341 1342 4180
3602 1 qua4 4180 1342 1343 4181
3603 1 qua4 1319 4184 1529 293
3604 1 qua4 4184 4187 1528 1529
3605 1 qua4 4187 4190 1527 1528
3606 1 qua4 292 1526 4182 1317
3607 1 qua4 1317 4182 4183 1318
3608 1 qua4 1318 4183 4184 1319
3609 1 qua4 1526 1525 4185 4182
3610 1 qua4 4182 4185 4186 4183
3611 1 qua4 4183 4186 4187 4184
3612 1 qua4 1525 1524 4188 4185
3613 1 qua4 4185 4188 4189 4186
3614 1 qua4 4186 4189 4190 4187
3615 1 qua4 1524 299 1338 4188
3616 1 qua4 4188 1338 1339 4189
3617 1 qua4 4189 1339 1340 4190
3618 1 qua4 1316 4193 1526 292
3619 1 qua4 4193 4196 1525 1526
3620 1 qua4 4196 4199 1524 1525
3621 1 qua4 291 1523 4191 1314
3622 1 qua4 1314 4191 4192 1315
3623 1 qua4 1315 4192 4193 1316
3624 1 qua4 1523 1522 4194 4191
3625 1 qua4 4191 4194 4195 4192
3626 1 qua4 4192 4195 4196 4193
3627 1 qua4 1522 1521 4197 4194
3628 1 qua4 4194 4197 4198 4195
3629 1 qua4 4195 4198 4199 4196
3630 1 qua4 1521 298 1335 4197
3631 1 qua4 4197 1335 1336 4198
3632 1 qua4 4198 1336 1337 4199
3633 1 qua4 1313 4202 1523 291
3634 1 qua4 4202 4205 1522 1523
3635 1 qua4 4205 4208 1521 1522
3636 1 qua4 32 432 4200 1311
3637 1 qua4 1311 4200 4201 1312
3638 1 qua4 1312 4201 4202 1313
3639 1 qua4 432 433 4203 4200
3640 1 qua4 4200 4203 4204 4201
3641 1 qua4 4201 4204 4205 4202
3642 1 qua4 433 434 4206 4203
3643 1 qua4 4203 4206 4207 4204
3644 1 qua4 4204 4207 4208 4205
3645 1 qua4 434 33 1332 4206
3646 1 qua4 4206 1332 1333 4207
3647 1 qua4 4207 1333 1334 4208
3648 1 qua4 1352 4211 1520 304
3649 1 qua4 4211 4214 1519 1520
3650 1 qua4 4214 4217 1518 1519
3651 1 qua4 303 1517 4209 1350
3652 1 qua4 1350 4209 4210 1351
3653 1 qua4 1351 4210 4211 1352
3654 1 qua4 1517 1516 4212 4209
3655 1 qua4 4209 4212 4213 4210
3656 1 qua4 4210 4213 4214 4211
3657 1 qua4 1516 1515 4215 4212
3658 1 qua4 4212 4215 4216 4213
3659 1 qua4 4213 4216 4217 4214
3660 1 qua4 1515 310 1371 4215
3661 1 qua4 4215 1371 1372 4216
3662 1 qua4 4216 1372 1373 4217
3663 1 qua4 1349 4220 1517 303
3664 1 qua4 4220 4223 1516 1517
3665 1 qua4 4223 4226 1515 1516
3666 1 qua4 302 1514 4218 1347
3667 1 qua4 1347 4218 4219 1348
3668 1 qua4 1348 4219 4220 1349
3669 1 qua4 1514 1513 4221 4218
3670 1 qua4 4218 4221 4222 4219
3671 1 qua4 4219 4222 4223 4220
3672 1 qua4 1513 1512 4224 4221
3673 1 qua4 4221 4224 4225 4222
3674 1 qua4 4222 4225 4226 4223
3675 1 qua4 1512 309 1368 4224
3676 1 qua4 4224 1368 1369 4225
3677 1 qua4 4225 1369 1370 4226
3678 1 qua4 1346 4229 1514 302
3679 1 qua4 4229 4232 1513 1514
3680 1 qua4 4232 4235 1512 1513
3681 1 qua4 301 1511 4227 1344
3682 1 qua4 1344 4227 4228 1345
3683 1 qua4 1345 4228 4229 1346
3684 1 qua4 1511 1510 4230 4227
3685 1 qua4 4227 4230 4231 4228
3686 1 qua4 4228 4231 4232 4229
3687 1 qua4 1510 1509 4233 4230
3688 1 qua4 4230 4233 4234 4231
3689 1 qua4 4231 4234 4235 4232
3690 1 qua4 1509 308 1365 4233
3691 1 qua4 4233 1365 1366 4234
3692 1 qua4 4234 1366 1367 4235
3693 1 qua4 1343 4238 1511 301
3694 1 qua4 4238 4241 1510 1511
3695 1 qua4 4241 4244 1509 1510
3696 1 qua4 300 1508 4236 1341
3697 1 qua4 1341 4236 4237 1342
3698 1 qua4 1342 4237 4238 1343
3699 1 qua4 1508 1507 4239 4236
3700 1 qua4 4236 4239 4240 4237
3701 1 qua4 4237 4240 4241 4238
3702 1 qua4 1507 1506 4242 4239
3703 1 qua4 4239 4242 4243 4240
3704 1 qua4 4240 4243 4244 4241
3705 1 qua4 1506 307 1362 4242
3706 1 qua4 4242 1362 1363 4243
3707 1 qua4 4243 1363 1364 4244
3708 1 qua4 1340 4247 1508 300
3709 1 qua4 4247 4250 1507 1508
3710 1 qua4 4250 4253 1506 1507
3711 1 qua4 299 1505 4245 1338
3712 1 qua4 1338 4245 4246 1339
3713 1 qua4 1339 4246 4247 1340
3714 1 qua4 1505 1504 4248 4245
3715 1 qua4 4245 4248 4249 4246
3716 1 qua4 4246 4249 4250 4247
3717 1 qua4 1504 1503 4251 4248
3718 1 qua4 4248 4251 4252 4249
3719 1 qua4 4249 4252 4253 4250
3720 1 qua4 1503 306 1359 4251
3721 1 qua4 4251 1359 1360 4252
3722 1 qua4 4252 1360 1361 4253
3723 1 qua4 1337 4256 1505 299
3724 1 qua4 4256 4259 1504 1505
3725 1 qua4 4259 4262 1503 1504
3726 1 qua4 298 1502 4254 1335
3727 1 qua4 1335 4254 4255 1336
3728 1 qua4 1336 4255 4256 1337
3729 1 qua4 1502 1501 4257 4254
3730 1 qua4 4254 4257 4258 4255
3731 1 qua4 4255 4258 4259 4256
3732 1 qua4 1501 1500 4260 4257
3733 1 qua4 4257 4260 4261 4258
3734 1 qua4 4258 4261 4262 4259
3735 1 qua4 1500 305 1356 4260
3736 1 qua4 4260 1356 1357 4261
3737 1 qua4 4261 1357 1358 4262
3738 1 qua4 1334 4265 1502 298
3739 1 qua4 4265 4268 1501 1502
3740 1 qua4 4268 4271 1500 1501
3741 1 qua4 33 435 4263 1332
3742 1 qua4 1332 4263 4264 1333
3743 1 qua4 1333 4264 4265 1334
3744 1 qua4 435 436 4266 4263
3745 1 qua4 4263 4266 4267 4264
3746 1 qua4 4264 4267 4268 4265
3747 1 qua4 436 437 4269 4266
3748 1 qua4 4266 4269 4270 4267
3749 1 qua4 4267 4270 4271 4268
3750 1 qua4 437 34 1353 4269
3751 1 qua4 4269 1353 1354 4270
3752 1 qua4 4270 1354 1355 4271
3753 1 qua4 1373 4274 1499 311
3754 1 qua4 4274 4277 1498 1499
3755 1 qua4 4277 4280 1497 1498
3756 1 qua4 310 1496 4272 1371
3757 1 qua4 1371 4272 4273 1372
3758 1 qua4 1372 4273 4274 1373
3759 1 qua4 1496 1495 4275 4272
3760 1 qua4 4272 4275 4276 4273
3761 1 qua4 4273 4276 4277 4274
3762 1 qua4 1495 1494 4278 4275
3763 1 qua4 4275 4278 4279 4276
3764 1 qua4 4276 4279 4280 4277
3765 1 qua4 1494 317 1392 4278
3766 1 qua4 4278 1392 1393 4279
3767 1 qua4 4279 1393 1394 4280
3768 1 qua4 1370 4283 1496 310
3769 1 qua4 4283 4286 1495 1496
3770 1 qua4 4286 4289 1494 1495
3771 1 qua4 309 1493 4281 1368
3772 1 qua4 1368 4281 4282 1369
3773 1 qua4 1369 4282 4283 1370
3774 1 qua4 1493 1492 4284 4281
3775 1 qua4 4281 4284 4285 4282
3776 1 qua4 4282 4285 4286 4283
3777 1 qua4 1492 1491 4287 4284
3778 1 qua4 4284 4287 4288 4285
3779 1 qua4 4285 4288 4289 4286
3780 1 qua4 1491 316 1389 4287
3781 1 qua4 4287 1389 1390 4288
3782 1 qua4 4288 1390 1391 4289
3783 1 qua4 1367 4292 1493 309
3784 1 qua4 4292 4295 1492 1493
3785 1 qua4 4295 4298 1491 1492
3786 1 qua4 308 1490 4290 1365
3787 1 qua4 1365 4290 4291 1366
3788 1 qua4 1366 4291 4292 1367
3789 1 qua4 1490 1489 4293 4290
3790 1 qua4 4290 4293 4294 4291
3791 1 qua4 4291 4294 4295 4292
3792 1 qua4 1489 1488 4296 4293
3793 1 qua4 4293 4296 4297 4294
3794 1 qua4 4294 4297 4298 4295
3795 1 qua4 1488 315 1386 4296
3796 1 qua4 4296 1386 1387 4297
3797 1 qua4 4297 1387 1388 4298
3798 1 qua4 1364 4301 1490 308
3799 1 qua4 4301 4304 1489 1490
3800 1 qua4 4304 4307 1488 1489
3801 1 qua4 307 1487 4299 1362
3802 1 qua4 1362 4299 4300 1363
3803 1 qua4 1363 4300 4301 1364
3804 1 qua4 1487 1486 4302 4299
3805 1 qua4 4299 4302 4303 4300
3806 1 qua4 4300 4303 4304 4301
3807 1 qua4 1486 1485 4305 4302
3808 1 qua4 4302 4305 4306 4303
3809 1 qua4 4303 4306 4307 4304
3810 1 qua4 1485 314 1383 4305
3811 1 qua4 4305 1383 1384 4306
3812 1 qua4 4306 1384 1385 4307
3813 1 qua4 1361 4310 1487 307
3814 1 qua4 4310 4313 1486 1487
3815 1 qua4 4313 4316 1485 1486
3816 1 qua4 306 1484 4308 1359
3817 1 qua4 1359 4308 4309 1360
3818 1 qua4 1360 4309 4310 1361
3819 1 qua4 1484 1483 4311 4308
3820 1 qua4 4308 4311 4312 4309
3821 1 qua4 4309 4312 4313 4310
3822 1 qua4 1483 1482 4314 4311
3823 1 qua4 4311 4314 4315 4312
3824 1 qua4 4312 4315 4316 4313
3825 1 qua4 1482 313 1380 4314
3826 1 qua4 4314 1380 1381 4315
3827 1 qua4 4315 1381 1382 4316
3828 1 qua4 1358 4319 1484 306
3829 1 qua4 4319 4322 1483 1484
3830 1 qua4 4322 4325 1482 1483
3831 1 qua4 305 1481 4317 1356
3832 1 qua4 1356 4317 4318 1357
3833 1 qua4 1357 4318 4319 1358
3834 1 qua4 1481 1480 4320 4317
3835 1 qua4 4317 4320 4321 4318
3836 1 qua4 4318 4321 4322 4319
3837 1 qua4 1480 1479 4323 4320
3838 1 qua4 4320 4323 4324 4321
3839 1 qua4 4321 4324 4325 4322
3840 1 qua4 1479 312 1377 4323
3841 1 qua4 4323 1377 1378 4324
3842 1 qua4 4324 1378 1379 4325
3843 1 qua4 1355 4328 1481 305
3844 1 qua4 4328 4331 1480 1481
3845 1 qua4 4331 4334 1479 1480
3846 1 qua4 34 438 4326 1353
3847 1 qua4 1353 4326 4327 1354
3848 1 qua4 1354 4327 4328 1355
3849 1 qua4 438 439 4329 4326
3850 1 qua4 4326 4329 4330 4327
3851 1 qua4 4327 4330 4331 4328
3852 1 qua4 439 440 4332 4329
3853 1 qua4 4329 4332 4333 4330
3854 1 qua4 4330 4333 4334 4331
3855 1 qua4 440 35 1374 4332
3856 1 qua4 4332 1374 1375 4333
3857 1 qua4 4333 1375 1376 4334
3858 1 qua4 1394 4337 1478 318
3859 1 qua4 4337 4340 1477 1478
3860 1 qua4 4340 4343 1476 1477
3861 1 qua4 317 1475 4335 1392
3862 1 qua4 1392 4335 4336 1393
3863 1 qua4 1393 4336 4337 1394
3864 1 qua4 1475 1474 4338 4335
3865 1 qua4 4335 4338 4339 4336
3866 1 qua4 4336 4339 4340 4337
3867 1 qua4 1474 1473 4341 4338
3868 1 qua4 4338 4341 4342 4339
3869 1 qua4 4339 4342 4343 4340
3870 1 qua4 1473 324 1413 4341
3871 1 qua4 4341 1413 1414 4342
3872 1 qua4 4342 1414 1415 4343
3873 1 qua4 1391 4346 1475 317
3874 1 qua4 4346 4349 1474 1475
3875 1 qua4 4349 4352 1473 1474
3876 1 qua4 316 1472 4344 1389
3877 1 qua4 1389 4344 4345 1390
3878 1 qua4 1390 4345 4346 1391
3879 1 qua4 1472 1471 4347 4344
3880 1 qua4 4344 4347 4348 4345
3881 1 qua4 4345 4348 4349 4346
3882 1 qua4 1471 1470 4350 4347
3883 1 qua4 4347 4350 4351 4348
3884 1 qua4 4348 4351 4352 4349
3885 1 qua4 1470 323 1410 4350
3886 1 qua4 4350 1410 1411 4351
3887 1 qua4 4351 1411 1412 4352
3888 1 qua4 1388 4355 1472 316
3889 1 qua4 4355 4358 1471 1472
3890 1 qua4 4358 4361 1470 1471
3891 1 qua4 315 1469 4353 1386
3892 1 qua4 1386 4353 4354 1387
3893 1 qua4 1387 4354 4355 1388
3894 1 qua4 1469 1468 4356 4353
3895 1 qua4 4353 4356 4357 4354
3896 1 qua4 4354 4357 4358 4355
3897 1 qua4 1468 1467 4359 4356
3898 1 qua4 4356 4359 4360 4357
3899 1 qua4 4357 4360 4361 4358
3900 1 qua4 1467 322 1407 4359
3901 1 qua4 4359 1407 1408 4360
3902 1 qua4 4360 1408 1409 4361
3903 1 qua4 1385 4364 1469 315
3904 1 qua4 4364 4367 1468 1469
3905 1 qua4 4367 4370 1467 1468
3906 1 qua4 314 1466 4362 1383
3907 1 qua4 1383 4362 4363 1384
3908 1 qua4 1384 4363 4364 1385
3909 1 qua4 1466 1465 4365 4362
3910 1 qua4 4362 4365 4366 4363
3911 1 qua4 4363 4366 4367 4364
3912 1 qua4 1465 1464 4368 4365
3913 1 qua4 4365 4368 4369 4366
3914 1 qua4 4366 4369 4370 4367
3915 1 qua4 1464 321 1404 4368
3916 1 qua4 4368 1404 1405 4369
3917 1 qua4 4369 1405 1406 4370
3918 1 qua4 1382 4373 1466 314
3919 1 qua4 4373 4376 1465 1466
3920 1 qua4 4376 4379 1464 1465
3921 1 qua4 313 1463 4371 1380
3922 1 qua4 1380 4371 4372 1381
3923 1 qua4 1381 4372 4373 1382
3924 1 qua4 1463 1462 4374 4371
3925 1 qua4 4371 4374 4375 4372
3926 1 qua4 4372 4375 4376 4373
3927 1 qua4 1462 1461 4377 4374
3928 1 qua4 4374 4377 4378 4375
3929 1 qua4 4375 4378 4379 4376
3930 1 qua4 1461 320 1401 4377
3931 1 qua4 4377 1401 1402 4378
3932 1 qua4 4378 1402 1403 4379
3933 1 qua4 1379 4382 1463 313
3934 1 qua4 4382 4385 1462 1463
3935 1 qua4 4385 4388 1461 1462
3936 1 qua4 312 1460 4380 1377
3937 1 qua4 1377 4380 4381 1378
3938 1 qua4 1378 4381 4382 1379
3939 1 qua4 1460 1459 4383 4380
3940 1 qua4 4380 4383 4384 4381
3941 1 qua4 4381 4384 4385 4382
3942 1 qua4 1459 1458 4386 4383
3943 1 qua4 4383 4386 4387 4384
3944 1 qua4 4384 4387 4388 4385
3945 1 qua4 1458 319 1398 4386
3946 1 qua4 4386 1398 1399 4387
3947 1 qua4 4387 1399 1400 4388
3948 1 qua4 1376 4391 1460 312
3949 1 qua4 4391 4394 1459 1460
3950 1 qua4 4394 4397 1458 1459
3951 1 qua4 35 441 4389 1374
3952 1 qua4 1374 4389 4390 1375
3953 1 qua4 1375 4390 4391 1376
3954 1 qua4 441 442 4392 4389
3955 1 qua4 4389 4392 4393 4390
3956 1 qua4 4390 4393 4394 4391
3957 1 qua4 442 443 4395 4392
3958 1 qua4 4392 4395 4396 4393
3959 1 qua4 4393 4396 4397 4394
3960 1 qua4 443 36 1395 4395
3961 1 qua4 4395 1395 1396 4396
3962 1 qua4 4396 1396 1397 4397
3963 1 qua4 1415 4400 1457 325
3964 1 qua4 4400 4403 1456 1457
3965 1 qua4 4403 4406 1455 1456
3966 1 qua4 324 1454 4398 1413
3967 1 qua4 1413 4398 4399 1414
3968 1 qua4 1414 4399 4400 1415
3969 1 qua4 1454 1453 4401 4398
3970 1 qua4 4398 4401 4402 4399
3971 1 qua4 4399 4402 4403 4400
3972 1 qua4 1453 1452 4404 4401
3973 1 qua4 4401 4404 4405 4402
3974 1 qua4 4402 4405 4406 4403
3975 1 qua4 1452 331 1434 4404
3976 1 qua4 4404 1434 1435 4405
3977 1 qua4 4405 1435 1436 4406
3978 1 qua4 1412 4409 1454 324
3979 1 qua4 4409 4412 1453 1454
3980 1 qua4 4412 4415 1452 1453
3981 1 qua4 323 1451 4407 1410
3982 1 qua4 1410 4407 4408 1411
3983 1 qua4 1411 4408 4409 1412
3984 1 qua4 1451 1450 4410 4407
3985 1 qua4 4407 4410 4411 4408
3986 1 qua4 4408 4411 4412 4409
3987 1 qua4 1450 1449 4413 4410
3988 1 qua4 4410 4413 4414 4411
3989 1 qua4 4411 4414 4415 4412
3990 1 qua4 1449 330 1431 4413
3991 1 qua4 4413 1431 1432 4414
3992 1 qua4 4414 1432 1433 4415
3993 1 qua4 1409 4418 1451 323
3994 1 qua4 4418 4421 1450 1451
3995 1 qua4 4421 4424 1449 1450
3996 1 qua4 322 1448 4416 1407
3997 1 qua4 1407 4416 4417 1408
3998 1 qua4 1408 4417 4418 1409
3999 1 qua4 1448 1447 4419 4416
4000 1 qua4 4416 4419 4420 4417
4001 1 qua4 4417 4420 4421 4418
4002 1 qua4 1447 1446 4422 4419
4003 1 qua4 4419 4422 4423 4420
4004 1 qua4 4420 4423 4424 4421
4005 1 qua4 1446 329 1428 4422
4006 1 qua4 4422 1428 1429 4423
4007 1 qua4 4423 1429 1430 4424
4008 1 qua4 1406 4427 1448 322
4009 1 qua4 4427 4430 1447 1448
4010 1 qua4 4430 4433 1446 1447
4011 1 qua4 321 1445 4425 1404
4012 1 qua4 1404 4425 4426 1405
4013 1 qua4 1405 4426 4427 1406
4014 1 qua4 1445 1444 4428 4425
4015 1 qua4 4425 4428 4429 4426
4016 1 qua4 4426 4429 4430 4427
4017 1 qua4 1444 1443 4431 4428
4018 1 qua4 4428 4431 4432 4429
4019 1 qua4 4429 4432 4433 4430
4020 1 qua4 1443 328 1425 4431
4021 1 qua4 4431 1425 1426 4432
4022 1 qua4 4432 1426 1427 4433
4023 1 qua4 1403 4436 1445 321
4024 1 qua4 4436 4439 1444 1445
4025 1 qua4 4439 4442 1443 1444
4026 1 qua4 320 1442 4434 1401
4027 1 qua4 1401 4434 4435 1402
4028 1 qua4 1402 4435 4436 1403
4029 1 qua4 1442 1441 4437 4434
4030 1 qua4 4434 4437 4438 4435
4031 1 qua4 4435 4438 4439 4436
4032 1 qua4 1441 1440 4440 4437
4033 1 qua4 4437 4440 4441 4438
4034 1 qua4 4438 4441 4442 4439
4035 1 qua4 1440 327 1422 4440
4036 1 qua4 4440 1422 1423 4441
4037 1 qua4 4441 1423 1424 4442
4038 1 qua4 1400 4445 1442 320
4039 1 qua4 4445 4448 1441 1442
4040 1 qua4 4448 4451 1440 1441
4041 1 qua4 319 1439 4443 1398
4042 1 qua4 1398 4443 4444 1399
4043 1 qua4 1399 4444 4445 1400
4044 1 qua4 1439 1438 4446 4443
4045 1 qua4 4443 4446 4447 4444
4046 1 qua4 4444 4447 4448 4445
4047 1 qua4 1438 1437 4449 4446
4048 1 qua4 4446 4449 4450 4447
4049 1 qua4 4447 4450 4451 4448
4050 1 qua4 1437 326 1419 4449
4051 1 qua4 4449 1419 1420 4450
4052 1 qua4 4450 1420 1421 4451
4053 1 qua4 1397 4454 1439 319
4054 1 qua4 4454 4457 1438 1439
4055 1 qua4 4457 4460 1437 1438
4056 1 qua4 36 444 4452 1395
4057 1 qua4 1395 4452 4453 1396
4058 1 qua4 1396 4453 4454 1397
4059 1 qua4 444 445 4455 4452
4060 1 qua4 4452 4455 4456 4453
4061 1 qua4 4453 4456 4457 4454
4062 1 qua4 445 446 4458 4455
4063 1 qua4 4455 4458 4459 4456
4064 1 qua4 4456 4459 4460 4457
4065 1 qua4 446 37 1416 4458
4066 1 qua4 4458 1416 1417 4459
4067 1 qua4 4459 1417 1418 4460
4068 1 qua4 656 4463 449 39
4069 1 qua4 4463 4466 448 449
4070 1 qua4 4466 4469 447 448
4071 1 qua4 325 1457 4461 654
4072 1 qua4 654 4461 4462 655
4073 1 qua4 655 4462 4463 656
4074 1 qua4 1457 1456 4464 4461
4075 1 qua4 4461 4464 4465 4462
4076 1 qua4 4462 4465 4466 4463
4077 1 qua4 1456 1455 4467 4464
4078 1 qua4 4464 4467 4468 4465
4079 1 qua4 4465 4468 4469 4466
4080 1 qua4 1455 332 657 4467
4081 1 qua4 4467 657 658 4468
4082 1 qua4 4468 658 659 4469
4083 1 qua4 653 4472 452 40
4084 1 qua4 4472 4475 451 452
4085 1 qua4 4475 4478 450 451
4086 1 qua4 318 1478 4470 651
4087 1 qua4 651 4470 4471 652
4088 1 qua4 652 4471 4472 653
4089 1 qua4 1478 1477 4473 4470
4090 1 qua4 4470 4473 4474 4471
4091 1 qua4 4471 4474 4475 4472
4092 1 qua4 1477 1476 4476 4473
4093 1 qua4 4473 4476 4477 4474
4094 1 qua4 4474 4477 4478 4475
4095 1 qua4 1476 325 654 4476
4096 1 qua4 4476 654 655 4477
4097 1 qua4 4477 655 656 4478
4098 1 qua4 650 4481 455 41
4099 1 qua4 4481 4484 454 455
4100 1 qua4 4484 4487 453 454
4101 1 qua4 311 1499 4479 648
4102 1 qua4 648 4479 4480 649
4103 1 qua4 649 4480 4481 650
4104 1 qua4 1499 1498 4482 4479
4105 1 qua4 4479 4482 4483 4480
4106 1 qua4 4480 4483 4484 4481
4107 1 qua4 1498 1497 4485 4482
4108 1 qua4 4482 4485 4486 4483
4109 1 qua4 4483 4486 4487 4484
4110 1 qua4 1497 318 651 4485
4111 1 qua4 4485 651 652 4486
4112 1 qua4 4486 652 653 4487
4113 1 qua4 647 4490 458 42
4114 1 qua4 4490 4493 457 458
4115 1 qua4 4493 4496 456 457
4116 1 qua4 304 1520 4488 645
4117 1 qua4 645 4488 4489 646
4118 1 qua4 646 4489 4490 647
4119 1 qua4 1520 1519 4491 4488
4120 1 qua4 4488 4491 4492 4489
4121 1 qua4 4489 4492 4493 4490
4122 1 qua4 1519 1518 4494 4491
4123 1 qua4 4491 4494 4495 4492
4124 1 qua4 4492 4495 4496 4493
4125 1 qua4 1518 311 648 4494
4126 1 qua4 4494 648 649 4495
4127 1 qua4 4495 649 650 4496
4128 1 qua4 644 4499 461 43
4129 1 qua4 4499 4502 460 461
4130 1 qua4 4502 4505 459 460
4131 1 qua4 297 1541 4497 642
4132 1 qua4 642 4497 4498 643
4133 1 qua4 643 4498 4499 644
4134 1 qua4 1541 1540 4500 4497
4135 1 qua4 4497 4500 4501 4498
4136 1 qua4 4498 4501 4502 4499
4137 1 qua4 1540 1539 4503 4500
4138 1 qua4 4500 4503 4504 4501
4139 1 qua4 4501 4504 4505 4502
4140 1 qua4 1539 304 645 4503
4141 1 qua4 4503 645 646 4504
4142 1 qua4 4504 646 647 4505
4143 1 qua4 641 4508 464 44
4144 1 qua4 4508 4511 463 464
4145 1 qua4 4511 4514 462 463
4146 1 qua4 290 1562 4506 639
4147 1 qua4 639 4506 4507 640
4148 1 qua4 640 4507 4508 641
4149 1 qua4 1562 1561 4509 4506
4150 1 qua4 4506 4509 4510 4507
4151 1 qua4 4507 4510 4511 4508
4152 1 qua4 1561 1560 4512 4509
4153 1 qua4 4509 4512 4513 4510
4154 1 qua4 4510 4513 4514 4511
4155 1 qua4 1560 297 642 4512
4156 1 qua4 4512 642 643 4513
4157 1 qua4 4513 643 644 4514
4158 1 qua4 638 4517 467 45
4159 1 qua4 4517 4520 466 467
4160 1 qua4 4520 4523 465 466
4161 1 qua4 283 1583 4515 636
4162 1 qua4 636 4515 4516 637
4163 1 qua4 637 4516 4517 638
4164 1 qua4 1583 1582 4518 4515
4165 1 qua4 4515 4518 4519 4516
4166 1 qua4 4516 4519 4520 4517
4167 1 qua4 1582 1581 4521 4518
4168 1 qua4 4518 4521 4522 4519
4169 1 qua4 4519 4522 4523 4520
4170 1 qua4 1581 290 639 4521
4171 1 qua4 4521 639 640 4522
4172 1 qua4 4522 640 641 4523
4173 1 qua4 635 4526 470 46
4174 1 qua4 4526 4529 469 470
4175 1 qua4 4529 4532 468 469
4176 1 qua4 276 1604 4524 633
4177 1 qua4 633 4524 4525 634
4178 1 qua4 634 4525 4526 635
4179 1 qua4 1604 1603 4527 4524
4180 1 qua4 4524 4527 4528 4525
4181 1 qua4 4525 4528 4529 4526
4182 1 qua4 1603 1602 4530 4527
4183 1 qua4 4527 4530 4531 4528
4184 1 qua4 4528 4531 4532 4529
4185 1 qua4 1602 283 636 4530
4186 1 qua4 4530 636 637 4531
4187 1 qua4 4531 637 638 4532
4188 1 qua4 632 4535 473 47
4189 1 qua4 4535 4538 472 473
4190 1 qua4 4538 4541 471 472
4191 1 qua4 269 1625 4533 630
4192 1 qua4 630 4533 4534 631
4193 1 qua4 631 4534 4535 632
4194 1 qua4 1625 1624 4536 4533
4195 1 qua4 4533 4536 4537 4534
4196 1 qua4 4534 4537 4538 4535
4197 1 qua4 1624 1623 4539 4536
4198 1 qua4 4536 4539 4540 4537
4199 1 qua4 4537 4540 4541 4538
4200 1 qua4 1623 276 633 4539
4201 1 qua4 4539 633 634 4540
4202 1 qua4 4540 634 635 4541
4203 1 qua4 629 4544 476 48
4204 1 qua4 4544 4547 475 476
4205 1 qua4 4547 4550 474 475
4206 1 qua4 262 1646 4542 627
4207 1 qua4 627 4542 4543 628
4208 1 qua4 628 4543 4544 629
4209 1 qua4 1646 1645 4545 4542
4210 1 qua4 4542 4545 4546 4543
4211 1 qua4 4543 4546 4547 4544
4212 1 qua4 1645 1644 4548 4545
4213 1 qua4 4545 4548 4549 4546
4214 1 qua4 4546 4549 4550 4547
4215 1 qua4 1644 269 630 4548
4216 1 qua4 4548 630 631 4549
4217 1 qua4 4549 631 632 4550
4218 1 qua4 626 4553 479 49
4219 1 qua4 4553 4556 478 479
4220 1 qua4 4556 4559 477 478
4221 1 qua4 255 1667 4551 624
4222 1 qua4 624 4551 4552 625
4223 1 qua4 625 4552 4553 626
4224 1 qua4 1667 1666 4554 4551
4225 1 qua4 4551 4554 4555 4552
4226 1 qua4 4552 4555 4556 4553
4227 1 qua4 1666 1665 4557 4554
4228 1 qua4 4554 4557 4558 4555
4229 1 qua4 4555 4558 4559 4556
4230 1 qua4 1665 262 627 4557
4231 1 qua4 4557 627 628 4558
4232 1 qua4 4558 628 629 4559
4233 1 qua4 623 4562 482 50
4234 1 qua4 4562 4565 481 482
4235 1 qua4 4565 4568 480 481
4236 1 qua4 248 1688 4560 621
4237 1 qua4 621 4560 4561 622
4238 1 qua4 622 4561 4562 623
4239 1 qua4 1688 1687 4563 4560
4240 1 qua4 4560 4563 4564 4561
4241 1 qua4 4561 4564 4565 4562
4242 1 qua4 1687 1686 4566 4563
4243 1 qua4 4563 4566 4567 4564
4244 1 qua4 4564 4567 4568 4565
4245 1 qua4 1686 255 624 4566
4246 1 qua4 4566 624 625 4567
4247 1 qua4 4567 625 626 4568
4248 1 qua4 620 4571 485 51
4249 1 qua4 4571 4574 484 485
4250 1 qua4 4574 4577 483 484
4251 1 qua4 241 1709 4569 618
4252 1 qua4 618 4569 4570 619
4253 1 qua4 619 4570 4571 620
4254 1 qua4 1709 1708 4572 4569
4255 1 qua4 4569 4572 4573 4570
4256 1 qua4 4570 4573 4574 4571
4257 1 qua4 1708 1707 4575 4572
4258 1 qua4 4572 4575 4576 4573
4259 1 qua4 4573 4576 4577 4574
4260 1 qua4 1707 248 621 4575
4261 1 qua4 4575 621 622 4576
4262 1 qua4 4576 622 623 4577
4263 1 qua4 617 4580 488 52
4264 1 qua4 4580 4583 487 488
4265 1 qua4 4583 4586 486 487
4266 1 qua4 234 1730 4578 615
4267 1 qua4 615 4578 4579 616
4268 1 qua4 616 4579 4580 617
4269 1 qua4 1730 1729 4581 4578
4270 1 qua4 4578 4581 4582 4579
4271 1 qua4 4579 4582 4583 4580
4272 1 qua4 1729 1728 4584 4581
4273 1 qua4 4581 4584 4585 4582
4274 1 qua4 4582 4585 4586 4583
4275 1 qua4 1728 241 618 4584
4276 1 qua4 4584 618 619 4585
4277 1 qua4 4585 619 620 4586
4278 1 qua4 614 4589 491 53
4279 1 qua4 4589 4592 490 491
4280 1 qua4 4592 4595 489 490
4281 1 qua4 227 1751 4587 612
4282 1 qua4 612 4587 4588 613
4283 1 qua4 613 4588 4589 614
4284 1 qua4 1751 1750 4590 4587
4285 1 qua4 4587 4590 4591 4588
4286 1 qua4 4588 4591 4592 4589
4287 1 qua4 1750 1749 4593 4590
4288 1 qua4 4590 4593 4594 4591
4289 1 qua4 4591 4594 4595 4592
4290 1 qua4 1749 234 615 4593
4291 1 qua4 4593 615 616 4594
4292 1 qua4 4594 616 617 4595
4293 1 qua4 611 4598 494 54
4294 1 qua4 4598 4601 493 494
4295 1 qua4 4601 4604 492 493
4296 1 qua4 220 1772 4596 609
4297 1 qua4 609 4596 4597 610
4298 1 qua4 610 4597 4598 611
4299 1 qua4 1772 1771 4599 4596
4300 1 qua4 4596 4599 4600 4597
4301 1 qua4 4597 4600 4601 4598
4302 1 qua4 1771 1770 4602 4599
4303 1 qua4 4599 4602 4603 4600
4304 1 qua4 4600 4603 4604 4601
4305 1 qua4 1770 227 612 4602
4306 1 qua4 4602 612 613 4603
4307 1 qua4 4603 613 614 4604
4308 1 qua4 608 4607 497 55
4309 1 qua4 4607 4610 496 497
4310 1 qua4 4610 4613 495 496
4311 1 qua4 213 1793 4605 606
4312 1 qua4 606 4605 4606 607
4313 1 qua4 607 4606 4607 608
4314 1 qua4 1793 1792 4608 4605
4315 1 qua4 4605 4608 4609 4606
4316 1 qua4 4606 4609 4610 4607
4317 1 qua4 1792 1791 4611 4608
4318 1 qua4 4608 4611 4612 4609
4319 1 qua4 4609 4612 4613 4610
4320 1 qua4 1791 220 609 4611
4321 1 qua4 4611 609 610 4612
4322 1 qua4 4612 610 611 4613
4323 1 qua4 605 4616 500 56
4324 1 qua4 4616 4619 499 500
4325 1 qua4 4619 4622 498 499
4326 1 qua4 206 1814 4614 603
4327 1 qua4 603 4614 4615 604
4328 1 qua4 604 4615 4616 605
4329 1 qua4 1814 1813 4617 4614
4330 1 qua4 4614 4617 4618 4615
4331 1 qua4 4615 4618 4619 4616
4332 1 qua4 1813 1812 4620 4617
4333 1 qua4 4617 4620 4621 4618
4334 1 qua4 4618 4621 4622 4619
4335 1 qua4 1812 213 606 4620
4336 1 qua4 4620 606 607 4621
4337 1 qua4 4621 607 608 4622
4338 1 qua4 602 4625 503 57
4339 1 qua4 4625 4628 502 503
4340 1 qua4 4628 4631 501 502
4341 1 qua4 199 1835 4623 600
4342 1 qua4 600 4623 4624 601
4343 1 qua4 601 4624 4625 602
4344 1 qua4 1835 1834 4626 4623
4345 1 qua4 4623 4626 4627 4624
4346 1 qua4 4624 4627 4628 4625
4347 1 qua4 1834 1833 4629 4626
4348 1 qua4 4626 4629 4630 4627
4349 1 qua4 4627 4630 4631 4628
4350 1 qua4 1833 206 603 4629
4351 1 qua4 4629 603 604 4630
4352 1 qua4 4630 604 605 4631
4353 1 qua4 599 4634 506 58
4354 1 qua4 4634 4637 505 506
4355 1 qua4 4637 4640 504 505
4356 1 qua4 192 1856 4632 597
4357 1 qua4 597 4632 4633 598
4358 1 qua4 598 4633 4634 599
4359 1 qua4 1856 1855 4635 4632
4360 1 qua4 4632 4635 4636 4633
4361 1 qua4 4633 4636 4637 4634
4362 1 qua4 1855 1854 4638 4635
4363 1 qua4 4635 4638 4639 4636
4364 1 qua4 4636 4639 4640 4637
4365 1 qua4 1854 199 600 4638
4366 1 qua4 4638 600 601 4639
4367 1 qua4 4639 601 602 4640
4368 1 qua4 596 4643 509 59
4369 1 qua4 4643 4646 508 509
4370 1 qua4 4646 4649 507 508
4371 1 qua4 185 1877 4641 594
4372 1 qua4 594 4641 4642 595
4373 1 qua4 595 4642 4643 596
4374 1 qua4 1877 1876 4644 4641
4375 1 qua4 4641 4644 4645 4642
4376 1 qua4 4642 4645 4646 4643
4377 1 qua4 1876 1875 4647 4644
4378 1 qua4 4644 4647 4648 4645
4379 1 qua4 4645 4648 4649 4646
4380 1 qua4 1875 192 597 4647
4381 1 qua4 4647 597 598 4648
4382 1 qua4 4648 598 599 4649
4383 1 qua4 593 4652 512 60
4384 1 qua4 4652 4655 511 512
4385 1 qua4 4655 4658 510 511
4386 1 qua4 178 1898 4650 591
4387 1 qua4 591 4650 4651 592
4388 1 qua4 592 4651 4652 593
4389 1 qua4 1898 1897 4653 4650
4390 1 qua4 4650 4653 4654 4651
4391 1 qua4 4651 4654 4655 4652
4392 1 qua4 1897 1896 4656 4653
4393 1 qua4 4653 4656 4657 4654
4394 1 qua4 4654 4657 4658 4655
4395 1 qua4 1896 185 594 4656
4396 1 qua4 4656 594 595 4657
4397 1 qua4 4657 595 596 4658
4398 1 qua4 590 4661 515 61
4399 1 qua4 4661 4664 514 515
4400 1 qua4 4664 4667 513 514
4401 1 qua4 171 1919 4659 588
4402 1 qua4 588 4659 4660 589
4403 1 qua4 589 4660 4661 590
4404 1 qua4 1919 1918 4662 4659
4405 1 qua4 4659 4662 4663 4660
4406 1 qua4 4660 4663 4664 4661
4407 1 qua4 1918 1917 4665 4662
4408 1 qua4 4662 4665 4666 4663
4409 1 qua4 4663 4666 4667 4664
4410 1 qua4 1917 178 591 4665
4411 1 qua4 4665 591 592 4666
4412 1 qua4 4666 592 593 4667
4413 1 qua4 587 4670 518 62
4414 1 qua4 4670 4673 517 518
4415 1 qua4 4673 4676 516 517
4416 1 qua4 164 1940 4668 585
4417 1 qua4 585 4668 4669 586
4418 1 qua4 586 4669 4670 587
4419 1 qua4 1940 1939 4671 4668
4420 1 qua4 4668 4671 4672 4669
4421 1 qua4 4669 4672 4673 4670
4422 1 qua4 1939 1938 4674 4671
4423 1 qua4 4671 4674 4675 4672
4424 1 qua4 4672 4675 4676 4673
4425 1 qua4 1938 171 588 4674
4426 1 qua4 4674 588 589 4675
4427 1 qua4 4675 589 590 4676
4428 1 qua4 584 4679 521 63
4429 1 qua4 4679 4682 520 521
4430 1 qua4 4682 4685 519 520
4431 1 qua4 157 1961 4677 582
4432 1 qua4 582 4677 4678 583
4433 1 qua4 583 4678 4679 584
4434 1 qua4 1961 1960 4680 4677
4435 1 qua4 4677 4680 4681 4678
4436 1 qua4 4678 4681 4682 4679
4437 1 qua4 1960 1959 4683 4680
4438 1 qua4 4680 4683 4684 4681
4439 1 qua4 4681 4684 4685 4682
4440 1 qua4 1959 164 585 4683
4441 1 qua4 4683 585 586 4684
4442 1 qua4 4684 586 587 4685
4443 1 qua4 581 4688 524 64
4444 1 qua4 4688 4691 523 524
4445 1 qua4 4691 4694 522 523
4446 1 qua4 150 1982 4686 579
4447 1 qua4 579 4686 4687 580
4448 1 qua4 580 4687 4688 581
4449 1 qua4 1982 1981 4689 4686
4450 1 qua4 4686 4689 4690 4687
4451 1 qua4 4687 4690 4691 4688
4452 1 qua4 1981 1980 4692 4689
4453 1 qua4 4689 4692 4693 4690
4454 1 qua4 4690 4693 4694 4691
4455 1 qua4 1980 157 582 4692
4456 1 qua4 4692 582 583 4693
4457 1 qua4 4693 583 584 4694
4458 1 qua4 578 4697 527 65
4459 1 qua4 4697 4700 526 527
4460 1 qua4 4700 4703 525 526
4461 1 qua4 143 2003 4695 576
4462 1 qua4 576 4695 4696 577
4463 1 qua4 577 4696 4697 578
4464 1 qua4 2003 2002 4698 4695
4465 1 qua4 4695 4698 4699 4696
4466 1 qua4 4696 4699 4700 4697
4467 1 qua4 2002 2001 4701 4698
4468 1 qua4 4698 4701 4702 4699
4469 1 qua4 4699 4702 4703 4700
4470 1 qua4 2001 150 579 4701
4471 1 qua4 4701 579 580 4702
4472 1 qua4 4702 580 581 4703
4473 1 qua4 575 4706 530 66
4474 1 qua4 4706 4709 529 530
4475 1 qua4 4709 4712 528 529
4476 1 qua4 136 2024 4704 573
4477 1 qua4 573 4704 4705 574
4478 1 qua4 574 4705 4706 575
4479 1 qua4 2024 2023 4707 4704
4480 1 qua4 4704 4707 4708 4705
4481 1 qua4 4705 4708 4709 4706
4482 1 qua4 2023 2022 4710 4707
4483 1 qua4 4707 4710 4711 4708
4484 1 qua4 4708 4711 4712 4709
4485 1 qua4 2022 143 576 4710
4486 1 qua4 4710 576 577 4711
4487 1 qua4 4711 577 578 4712
4488 1 qua4 572 4715 533 67
4489 1 qua4 4715 4718 532 533
4490 1 qua4 4718 4721 531 532
4491 1 qua4 129 2045 4713 570
4492 1 qua4 570 4713 4714 571
4493 1 qua4 571 4714 4715 572
4494 1 qua4 2045 2044 4716 4713
4495 1 qua4 4713 4716 4717 4714
4496 1 qua4 4714 4717 4718 4715
4497 1 qua4 2044 2043 4719 4716
4498 1 qua4 4716 4719 4720 4717
4499 1 qua4 4717 4720 4721 4718
4500 1 qua4 2043 136 573 4719
4501 1 qua4 4719 573 574 4720
4502 1 qua4 4720 574 575 4721
4503 1 qua4 569 4724 536 68
4504 1 qua4 4724 4727 535 536
4505 1 qua4 4727 4730 534 535
4506 1 qua4 122 2066 4722 567
4507 1 qua4 567 4722 4723 568
4508 1 qua4 568 4723 4724 569
4509 1 qua4 2066 2065 4725 4722
4510 1 qua4 4722 4725 4726 4723
4511 1 qua4 4723 4726 4727 4724
4512 1 qua4 2065 2064 4728 4725
4513 1 qua4 4725 4728 4729 4726
4514 1 qua4 4726 4729 4730 4727
4515 1 qua4 2064 129 570 4728
4516 1 qua4 4728 570 571 4729
4517 1 qua4 4729 571 572 4730
4518 1 qua4 566 4733 539 69
4519 1 qua4 4733 4736 538 539
4520 1 qua4 4736 4739 537 538
4521 1 qua4 115 2087 4731 564
4522 1 qua4 564 4731 4732 565
4523 1 qua4 565 4732 4733 566
4524 1 qua4 2087 2086 4734 4731
4525 1 qua4 4731 4734 4735 4732
4526 1 qua4 4732 4735 4736 4733
4527 1 qua4 2086 2085 4737 4734
4528 1 qua4 4734 4737 4738 4735
4529 1 qua4 4735 4738 4739 4736
4530 1 qua4 2085 122 567 4737
4531 1 qua4 4737 567 568 4738
4532 1 qua4 4738 568 569 4739
4533 1 qua4 563 4742 542 70
4534 1 qua4 4742 4745 541 542
4535 1 qua4 4745 4748 540 541
4536 1 qua4 108 2108 4740 561
4537 1 qua4 561 4740 4741 562
4538 1 qua4 562 4741 4742 563
4539 1 qua4 2108 2107 4743 4740
4540 1 qua4 4740 4743 4744 4741
4541 1 qua4 4741 4744 4745 4742
4542 1 qua4 2107 2106 4746 4743
4543 1 qua4 4743 4746 4747 4744
4544 1 qua4 4744 4747 4748 4745
4545 1 qua4 2106 115 564 4746
4546 1 qua4 4746 564 565 4747
4547 1 qua4 4747 565 566 4748
4548 1 qua4 560 4751 545 71
4549 1 qua4 4751 4754 544 545
4550 1 qua4 4754 4757 543 544
4551 1 qua4 101 2129 4749 558
4552 1 qua4 558 4749 4750 559
4553 1 qua4 559 4750 4751 560
4554 1 qua4 2129 2128 4752 4749
4555 1 qua4 4749 4752 4753 4750
4556 1 qua4 4750 4753 4754 4751
4557 1 qua4 2128 2127 4755 4752
4558 1 qua4 4752 4755 4756 4753
4559 1 qua4 4753 4756 4757 4754
4560 1 qua4 2127 108 561 4755
4561 1 qua4 4755 561 562 4756
4562 1 qua4 4756 562 563 4757
4563 1 qua4 557 4760 548 72
4564 1 qua4 4760 4763 547 548
4565 1 qua4 4763 4766 546 547
4566 1 qua4 94 2150 4758 555
4567 1 qua4 555 4758 4759 556
4568 1 qua4 556 4759 4760 557
4569 1 qua4 2150 2149 4761 4758
4570 1 qua4 4758 4761 4762 4759
4571 1 qua4 4759 4762 4763 4760
4572 1 qua4 2149 2148 4764 4761
4573 1 qua4 4761 4764 4765 4762
4574 1 qua4 4762 4765 4766 4763
4575 1 qua4 2148 101 558 4764
4576 1 qua4 4764 558 559 4765
4577 1 qua4 4765 559 560 4766
4578 1 qua4 554 4769 551 73
4579 1 qua4 4769 4772 550 551
4580 1 qua4 4772 4775 549 550
4581 1 qua4 87 2171 4767 552
4582 1 qua4 552 4767 4768 553
4583 1 qua4 553 4768 4769 554
4584 1 qua4 2171 2170 4770 4767
4585 1 qua4 4767 4770 4771 4768
4586 1 qua4 4768 4771 4772 4769
4587 1 qua4 2170 2169 4773 4770
4588 1 qua4 4770 4773 4774 4771
4589 1 qua4 4771 4774 4775 4772
4590 1 qua4 2169 94 555 4773
4591 1 qua4 4773 555 556 4774
4592 1 qua4 4774 556 557 4775
4593 1 qua4 660 4778 338 1
4594 1 qua4 4778 4781 337 338
4595 1 qua4 4781 4784 336 337
4596 1 qua4 74 2192 4776 662
4597 1 qua4 662 4776 4777 661
4598 1 qua4 661 4777 4778 660
4599 1 qua4 2192 2191 4779 4776
4600 1 qua4 4776 4779 4780 4777
4601 1 qua4 4777 4780 4781 4778
4602 1 qua4 2191 2190 4782 4779
4603 1 qua4 4779 4782 4783 4780
4604 1 qua4 4780 4783 4784 4781
4605 1 qua4 2190 87 552 4782
4606 1 qua4 4782 552 553 4783
4607 1 qua4 4783 553 554 4784

# marked edges
# marker p1 p2 p3 p4
12 1 338
12 61 515
12 62 518
12 63 521
12 64 524
12 65 527
12 66 530
12 67 533
12 68 536
12 69 539
12 70 542
12 71 545
12 72 548
12 73 551
12 73 336
12 336 337
12 337 338
12 60 513
12 513 514
12 514 515
12 61 516
12 516 517
12 517 518
12 62 519
12 519 520
12 520 521
12 63 522
12 522 523
12 523 524
12 64 525
12 525 526
12 526 527
12 65 528
12 528 529
12 529 530
12 66 531
12 531 532
12 532 533
12 67 534
12 534 535
12 535 536
12 68 537
12 537 538
12 538 539
12 69 540
12 540 541
12 541 542
12 70 543
12 543 544
12 544 545
12 71 546
12 546 547
12 547 548
12 72 549
12 549 550
12 550 551
8 39 449
8 40 452
8 41 455
8 42 458
8 43 461
8 44 464
8 45 467
8 46 470
8 47 473
8 48 476
8 49 479
8 50 482
8 51 485
8 52 488
8 38 447
8 447 448
8 448 449
8 39 450
8 450 451
8 451 452
8 40 453
8 453 454
8 454 455
8 41 456
8 456 457
8 457 458
8 42 459
8 459 460
8 460 461
8 43 462
8 462 463
8 463 464
8 44 465
8 465 466
8 466 467
8 45 468
8 468 469
8 469 470
8 46 471
8 471 472
8 472 473
8 47 474
8 474 475
8 475 476
8 48 477
8 477 478
8 478 479
8 49 480
8 480 481
8 481 482
8 50 483
8 483 484
8 484 485
8 51 486
8 486 487
8 487 488
